product, band, modis_date, dt, value_min, value_max, value_sum, value_range, value_mean, value_variance, value_standard_deviation, pixels_total, pixels_pass_qa, pixels_pass_qa_per_cent, proc_date, value_center
MCD15A2H,Lai_500m,A2002185,7/4/02,0.2,4.2,323.0999,4,1.272,0.5467,0.7394,289,254,87.89,2.01515E+12,2.8
MCD15A2H,Lai_500m,A2002193,7/12/02,0.2,5.6,426.7,5.4,1.492,0.7376,0.8588,289,286,98.96,2.01515E+12,1.2
MCD15A2H,Lai_500m,A2002201,7/20/02,0.5,3.9,414.3002,3.4,1.4903,0.2588,0.5087,289,278,96.19,2.01515E+12,1.7
MCD15A2H,Lai_500m,A2002209,7/28/02,0.5,3.1,431.0998,2.6,1.5287,0.2094,0.4576,289,282,97.58,2.01515E+12,1.8
MCD15A2H,Lai_500m,A2002217,8/5/02,0.8,3.8,478.2,3,1.6547,0.1828,0.4276,289,289,100,2.01515E+12,2
MCD15A2H,Lai_500m,A2002225,8/13/02,0.9,3.1,466.7,2.2,1.6149,0.1555,0.3944,289,289,100,2.01515E+12,1.8
MCD15A2H,Lai_500m,A2002233,8/21/02,0.8,4.1,457.1001,3.3,1.5817,0.2153,0.464,289,289,100,2.01515E+12,1.4
MCD15A2H,Lai_500m,A2002241,8/29/02,0.3,4.6,439.0001,4.3,1.519,0.2451,0.495,289,289,100,2.01515E+12,2.2
MCD15A2H,Lai_500m,A2002249,9/6/02,0.1,5,310.7999,4.9,1.1817,0.3729,0.6107,289,263,91,2.01515E+12,0.7
MCD15A2H,Lai_500m,A2002257,9/14/02,0.6,3.8,433.4998,3.2,1.5,0.2911,0.5396,289,289,100,2.01515E+12,2.4
MCD15A2H,Lai_500m,A2002265,9/22/02,0.7,2.7,426.5001,2,1.4758,0.1713,0.4139,289,289,100,2.01515E+12,1.5
MCD15A2H,Lai_500m,A2002273,9/30/02,0.7,2.4,410.5999,1.7,1.4208,0.1419,0.3767,289,289,100,2.01515E+12,1.9
MCD15A2H,Lai_500m,A2002281,10/8/02,0.6,2.3,357.9003,1.7,1.2384,0.0997,0.3157,289,289,100,2.01515E+12,1.5
MCD15A2H,Lai_500m,A2002289,10/16/02,0.5,2.2,306.6005,1.7,1.0609,0.0923,0.3038,289,289,100,2.01515E+12,1.8
MCD15A2H,Lai_500m,A2002297,10/24/02,0.2,2.7,279.9,2.5,0.9685,0.133,0.3646,289,289,100,2.01515E+12,2
MCD15A2H,Lai_500m,A2002305,11/1/02,0.3,1.6,256.3999,1.3,0.8872,0.0646,0.2543,289,289,100,2.01515E+12,1.1
MCD15A2H,Lai_500m,A2002313,11/9/02,0.1,1.5,233.7,1.4,0.8087,0.0845,0.2907,289,289,100,2.01515E+12,1.1
MCD15A2H,Lai_500m,A2002321,11/17/02,0.3,1.7,285.8999,1.4,0.9893,0.0883,0.2971,289,289,100,2.01515E+12,1.3
MCD15A2H,Lai_500m,A2002329,11/25/02,0.3,2,282.1002,1.7,0.9761,0.0683,0.2613,289,289,100,2.01515E+12,1.2
MCD15A2H,Lai_500m,A2002337,12/3/02,0.1,1.6,182.6,1.5,0.6407,0.0683,0.2614,289,285,98.62,2.01515E+12,0.8
MCD15A2H,Lai_500m,A2002345,12/11/02,0.1,1.8,248.9,1.7,0.8642,0.0709,0.2663,289,288,99.65,2.01515E+12,1
MCD15A2H,Lai_500m,A2002353,12/19/02,0.1,5,182.2,4.9,0.7008,0.2272,0.4767,289,260,89.97,2.01515E+12,0.6
MCD15A2H,Lai_500m,A2002361,12/27/02,0.1,4.2,214,4.1,0.7616,0.1226,0.3501,289,281,97.23,2.01515E+12,1.5
MCD15A2H,Lai_500m,A2003001,1/1/03,0.1,4.2,250.5,4.1,0.8728,0.1564,0.3955,289,287,99.31,2.01515E+12,1.5
MCD15A2H,Lai_500m,A2003009,1/9/03,0.1,2.3,256.9,2.2,0.892,0.0907,0.3012,289,288,99.65,2.01515E+12,1.2
MCD15A2H,Lai_500m,A2003017,1/17/03,0.3,2.1,266.8,1.8,0.9232,0.0836,0.2892,289,289,100,2.01515E+12,1.2
MCD15A2H,Lai_500m,A2003025,1/25/03,0.3,1.5,264.7,1.2,0.9159,0.0665,0.2578,289,289,100,2.01515E+12,1.2
MCD15A2H,Lai_500m,A2003033,2/2/03,0.3,3,270.3001,2.7,0.9353,0.1238,0.3519,289,289,100,2.01515E+12,1.2
MCD15A2H,Lai_500m,A2003041,2/10/03,0.3,1.7,260.5001,1.4,0.9014,0.0772,0.2778,289,289,100,2.01516E+12,1.5
MCD15A2H,Lai_500m,A2003049,2/18/03,0.1,1.3,150.7999,1.2,0.639,0.0722,0.2687,289,236,81.66,2.01516E+12,0.7
MCD15A2H,Lai_500m,A2003057,2/26/03,0.1,3.1,25.6,3,0.256,0.0987,0.3141,289,100,34.6,2.01516E+12,F
MCD15A2H,Lai_500m,A2003065,3/6/03,0.1,1.3,211.7,1.2,0.7376,0.06,0.2449,289,287,99.31,2.01516E+12,0.9
MCD15A2H,Lai_500m,A2003073,3/14/03,0.1,1.3,215.5,1.2,0.8418,0.0949,0.308,289,256,88.58,2.01516E+12,1.2
MCD15A2H,Lai_500m,A2003081,3/22/03,0.1,2.4,251.6,2.3,0.8922,0.1111,0.3333,289,282,97.58,2.01516E+12,1.2
MCD15A2H,Lai_500m,A2003089,3/30/03,0.2,1.7,294.0999,1.5,1.0176,0.0753,0.2744,289,289,100,2.01516E+12,1.7
MCD15A2H,Lai_500m,A2003097,4/7/03,0.3,2,318.2999,1.7,1.1014,0.0965,0.3106,289,289,100,2.01516E+12,1.4
MCD15A2H,Lai_500m,A2003105,4/15/03,0.4,1.6,330.4994,1.2,1.1436,0.0779,0.2791,289,289,100,2.01516E+12,1.4
MCD15A2H,Lai_500m,A2003113,4/23/03,0.5,1.7,324.0999,1.2,1.1215,0.0628,0.2506,289,289,100,2.01516E+12,1.2
MCD15A2H,Lai_500m,A2003121,5/1/03,0.6,1.8,339.6999,1.2,1.1754,0.0641,0.2533,289,289,100,2.01516E+12,1.3
MCD15A2H,Lai_500m,A2003129,5/9/03,0.5,1.6,323.8999,1.1,1.1208,0.0464,0.2153,289,289,100,2.01516E+12,1.3
MCD15A2H,Lai_500m,A2003137,5/17/03,0.6,2.6,372.2,2,1.306,0.1222,0.3495,289,285,98.62,2.01516E+12,1.3
MCD15A2H,Lai_500m,A2003145,5/25/03,0.2,2.6,384.3,2.4,1.3344,0.2056,0.4534,289,288,99.65,2.01516E+12,1.2
MCD15A2H,Lai_500m,A2003153,6/2/03,0.8,4.5,518.3,3.7,1.7934,0.2635,0.5133,289,289,100,2.01516E+12,1.8
MCD15A2H,Lai_500m,A2003161,6/10/03,0.8,3.1,503.8999,2.3,1.7436,0.2246,0.4739,289,289,100,2.01516E+12,1.4
MCD15A2H,Lai_500m,A2003169,6/18/03,1,3.2,488.1001,2.2,1.6889,0.1505,0.388,289,289,100,2.01516E+12,1.8
MCD15A2H,Lai_500m,A2003177,6/26/03,0.4,4.6,472.0001,4.2,1.6332,0.2938,0.5421,289,289,100,2.01516E+12,1.6
MCD15A2H,Lai_500m,A2003185,7/4/03,0.8,3.3,478.5999,2.5,1.6561,0.1975,0.4445,289,289,100,2.01516E+12,1.7
MCD15A2H,Lai_500m,A2003193,7/12/03,0.6,3.2,524.1998,2.6,1.8138,0.3017,0.5493,289,289,100,2.01508E+12,2.1
MCD15A2H,Lai_500m,A2003201,7/20/03,0.3,4.1,431.1,3.8,1.5563,0.5235,0.7235,289,277,95.85,2.01508E+12,0.3
MCD15A2H,Lai_500m,A2003209,7/28/03,0.4,2.9,448.6,2.5,1.5908,0.2291,0.4787,289,282,97.58,2.01508E+12,1.6
MCD15A2H,Lai_500m,A2003217,8/5/03,0.4,5.4,439.9002,5,1.5328,0.2961,0.5441,289,287,99.31,2.01508E+12,5.4
MCD15A2H,Lai_500m,A2003225,8/13/03,0.5,6.1,515.7,5.6,1.7844,0.5698,0.7548,289,289,100,2.01508E+12,1.5
MCD15A2H,Lai_500m,A2003233,8/21/03,0.2,3.7,393.3003,3.5,1.4046,0.5086,0.7132,289,280,96.89,2.01508E+12,2.4
MCD15A2H,Lai_500m,A2003241,8/29/03,0.8,5.9,732.7001,5.1,2.5353,1.076,1.0373,289,289,100,2.01508E+12,2.1
MCD15A2H,Lai_500m,A2003249,9/6/03,0.8,4.7,610.3002,3.9,2.1118,0.5839,0.7641,289,289,100,2.01508E+12,2.4
MCD15A2H,Lai_500m,A2003257,9/14/03,0.7,3.4,531.1002,2.7,1.8377,0.3181,0.564,289,289,100,2.01508E+12,1.5
MCD15A2H,Lai_500m,A2003265,9/22/03,0.8,3.3,514.9,2.5,1.7817,0.3062,0.5534,289,289,100,2.01508E+12,1.6
MCD15A2H,Lai_500m,A2003273,9/30/03,0.6,6,451.6998,5.4,1.563,0.3259,0.5708,289,289,100,2.01508E+12,1.6
MCD15A2H,Lai_500m,A2003281,10/8/03,0.6,5.3,466.8,4.7,1.6152,0.3,0.5478,289,289,100,2.01508E+12,1.7
MCD15A2H,Lai_500m,A2003289,10/16/03,0.5,1.7,328.2004,1.2,1.1356,0.0754,0.2745,289,289,100,2.01508E+12,1.2
MCD15A2H,Lai_500m,A2003297,10/24/03,0.4,1.7,294.9004,1.3,1.0204,0.0522,0.2285,289,289,100,2.01508E+12,1.2
MCD15A2H,Lai_500m,A2003305,11/1/03,0.4,3.2,297.4001,2.8,1.0291,0.1031,0.3211,289,289,100,2.0151E+12,1.1
MCD15A2H,Lai_500m,A2003313,11/9/03,0.3,1.4,295.2003,1.1,1.0215,0.0641,0.2532,289,289,100,2.01508E+12,1.2
MCD15A2H,Lai_500m,A2003321,11/17/03,0.3,2.1,296.2,1.8,1.0249,0.0848,0.2912,289,289,100,2.01508E+12,2
MCD15A2H,Lai_500m,A2003329,11/25/03,0.5,1.6,304.8001,1.1,1.0547,0.0666,0.2581,289,289,100,2.01508E+12,1.3
MCD15A2H,Lai_500m,A2003337,12/3/03,0.3,1.7,281.9002,1.4,0.9754,0.0672,0.2592,289,289,100,2.01508E+12,1.2
MCD15A2H,Lai_500m,A2003345,12/11/03,0.2,3.9,298.3,3.7,1.0541,0.1497,0.3869,289,283,97.92,2.01508E+12,1.3
MCD15A2H,Lai_500m,A2003353,12/19/03,0.2,1.7,273.5,1.5,0.953,0.0868,0.2946,289,287,99.31,2.01508E+12,1.3
MCD15A2H,Lai_500m,A2003361,12/27/03,0.1,1.4,163.3001,1.3,0.6281,0.0782,0.2796,289,260,89.97,2.01508E+12,0.6
MCD15A2H,Lai_500m,A2004001,1/1/04,0.2,1.4,253.8,1.2,0.8813,0.0769,0.2774,289,288,99.65,2.01509E+12,1
MCD15A2H,Lai_500m,A2004009,1/9/04,0.3,2,273.0001,1.7,0.9446,0.0697,0.2641,289,289,100,2.01509E+12,1.2
MCD15A2H,Lai_500m,A2004017,1/17/04,0.1,1.3,238.5999,1.2,0.8314,0.0665,0.258,289,287,99.31,2.01509E+12,1.1
MCD15A2H,Lai_500m,A2004025,1/25/04,0.1,3.2,203.4999,3.1,0.714,0.1044,0.3231,289,285,98.62,2.01509E+12,0.4
MCD15A2H,Lai_500m,A2004033,2/2/04,0.1,1.8,161.4,1.7,0.776,0.1213,0.3483,289,208,71.97,2.01509E+12,F
MCD15A2H,Lai_500m,A2004041,2/10/04,0.1,2.4,208.8,2.3,0.7565,0.1059,0.3255,289,276,95.5,2.01509E+12,0.5
MCD15A2H,Lai_500m,A2004049,2/18/04,0.1,1.5,73.3,1.4,0.405,0.0537,0.2318,289,181,62.63,2.01509E+12,0.5
MCD15A2H,Lai_500m,A2004057,2/26/04,0.1,1.7,57.2,1.6,0.5107,0.154,0.3924,289,112,38.75,2.01509E+12,F
MCD15A2H,Lai_500m,A2004065,3/5/04,0.1,1.4,155.8999,1.3,0.5608,0.0413,0.2032,289,278,96.19,2.01509E+12,0.6
MCD15A2H,Lai_500m,A2004073,3/13/04,0.2,1.9,249.2999,1.7,0.8626,0.0731,0.2704,289,289,100,2.01509E+12,0.8
MCD15A2H,Lai_500m,A2004081,3/21/04,0.3,1.9,308.8,1.6,1.0685,0.0745,0.273,289,289,100,2.01509E+12,1.3
MCD15A2H,Lai_500m,A2004089,3/29/04,0.3,1.9,287.3002,1.6,0.9941,0.0664,0.2578,289,289,100,2.01509E+12,1.2
MCD15A2H,Lai_500m,A2004097,4/6/04,0.1,1.6,198.9999,1.5,0.8884,0.1501,0.3875,289,224,77.51,2.01509E+12,F
MCD15A2H,Lai_500m,A2004105,4/14/04,0.1,1.6,324.8998,1.5,1.1242,0.1077,0.3282,289,289,100,2.01509E+12,1.5
MCD15A2H,Lai_500m,A2004113,4/22/04,0.2,3.3,327.5997,3.1,1.1336,0.1154,0.3397,289,289,100,2.01509E+12,1.2
MCD15A2H,Lai_500m,A2004121,4/30/04,0.2,3.5,338.7002,3.3,1.176,0.1118,0.3344,289,288,99.65,2.01509E+12,1.2
MCD15A2H,Lai_500m,A2004129,5/8/04,0.7,4.3,381.7999,3.6,1.3211,0.1556,0.3945,289,289,100,2.01509E+12,1.4
MCD15A2H,Lai_500m,A2004137,5/16/04,0.7,2.5,411.3002,1.8,1.4232,0.1015,0.3186,289,289,100,2.01509E+12,1.5
MCD15A2H,Lai_500m,A2004145,5/24/04,0.8,2.5,451.8999,1.7,1.5637,0.153,0.3911,289,289,100,2.01509E+12,1.7
MCD15A2H,Lai_500m,A2004153,6/1/04,0.8,2.9,472.1997,2.1,1.6339,0.1744,0.4176,289,289,100,2.01509E+12,1.8
MCD15A2H,Lai_500m,A2004161,6/9/04,0.8,2.8,506.4995,2,1.7526,0.2179,0.4668,289,289,100,2.01509E+12,2.2
MCD15A2H,Lai_500m,A2004169,6/17/04,0.8,4.2,519.4996,3.4,1.7976,0.2523,0.5023,289,289,100,2.01509E+12,2.1
MCD15A2H,Lai_500m,A2004177,6/25/04,0.9,3.8,527.5999,2.9,1.8256,0.3047,0.552,289,289,100,2.01509E+12,2
MCD15A2H,Lai_500m,A2004185,7/3/04,1,4.6,560.4001,3.6,1.9391,0.3399,0.583,289,289,100,2.01509E+12,2.1
MCD15A2H,Lai_500m,A2004193,7/11/04,0.8,3.4,542.6,2.6,1.8775,0.2997,0.5474,289,289,100,2.01509E+12,2.2
MCD15A2H,Lai_500m,A2004201,7/19/04,0.2,4.3,397.8,4.1,1.4258,0.4255,0.6523,289,279,96.54,2.01509E+12,1.5
MCD15A2H,Lai_500m,A2004209,7/27/04,0.2,5.1,479.0999,4.9,1.687,0.5936,0.7705,289,284,98.27,2.01509E+12,1.4
MCD15A2H,Lai_500m,A2004217,8/4/04,0.2,4.4,447.0001,4.2,1.5739,0.4729,0.6877,289,284,98.27,2.01509E+12,1.1
MCD15A2H,Lai_500m,A2004225,8/12/04,0.4,3.9,376.4002,3.5,1.3941,0.2619,0.5118,289,270,93.43,2.01509E+12,0.8
MCD15A2H,Lai_500m,A2004233,8/20/04,0.9,5.9,578.9999,5,2.0035,0.5247,0.7244,289,289,100,2.01509E+12,2.3
MCD15A2H,Lai_500m,A2004241,8/28/04,0.3,4.8,500.6001,4.5,1.7382,0.3269,0.5717,289,288,99.65,2.01509E+12,1.4
MCD15A2H,Lai_500m,A2004249,9/5/04,0.8,3.3,547.2,2.5,1.8934,0.3356,0.5793,289,289,100,2.01509E+12,1.9
MCD15A2H,Lai_500m,A2004257,9/13/04,0.7,3.8,481.2999,3.1,1.6654,0.3132,0.5596,289,289,100,2.01509E+12,1.6
MCD15A2H,Lai_500m,A2004265,9/21/04,0.7,4.2,490.6999,3.5,1.6979,0.3365,0.5801,289,289,100,2.01509E+12,1.8
MCD15A2H,Lai_500m,A2004273,9/29/04,0.2,4.1,391.1998,3.9,1.3631,0.2525,0.5025,289,287,99.31,2.01509E+12,1.7
MCD15A2H,Lai_500m,A2004281,10/7/04,0.6,2.5,377.6998,1.9,1.3069,0.0804,0.2836,289,289,100,2.0151E+12,1.3
MCD15A2H,Lai_500m,A2004289,10/15/04,0.5,2.9,336.3001,2.4,1.1637,0.0739,0.2718,289,289,100,2.0151E+12,1.2
MCD15A2H,Lai_500m,A2004297,10/23/04,0.5,1.8,301.6999,1.3,1.0439,0.076,0.2756,289,289,100,2.0151E+12,1.4
MCD15A2H,Lai_500m,A2004305,10/31/04,0.5,1.8,323.7999,1.3,1.1204,0.0947,0.3077,289,289,100,2.0151E+12,1.3
MCD15A2H,Lai_500m,A2004313,11/8/04,0.2,2,278.1,1.8,0.9623,0.0877,0.2961,289,289,100,2.0151E+12,1.1
MCD15A2H,Lai_500m,A2004321,11/16/04,0.2,2,285.7,1.8,0.992,0.1249,0.3534,289,288,99.65,2.0151E+12,1.2
MCD15A2H,Lai_500m,A2004329,11/24/04,0.1,2.2,170.7,2.1,0.7358,0.11,0.3316,289,232,80.28,2.0151E+12,0.5
MCD15A2H,Lai_500m,A2004337,12/2/04,0.1,2,201,1.9,0.7556,0.0956,0.3091,289,266,92.04,2.0151E+12,0.9
MCD15A2H,Lai_500m,A2004345,12/10/04,0.1,1.8,265,1.7,0.917,0.1007,0.3174,289,289,100,2.0151E+12,1
MCD15A2H,Lai_500m,A2004353,12/18/04,0.2,2,268.7,1.8,0.9528,0.0935,0.3058,289,282,97.58,2.0151E+12,1
MCD15A2H,Lai_500m,A2004361,12/26/04,0.1,2.1,252.3002,2,0.9043,0.1105,0.3324,289,279,96.54,2.0151E+12,1.8
MCD15A2H,Lai_500m,A2005001,1/1/05,0.1,2.1,207.2002,2,0.8492,0.1232,0.3509,289,244,84.43,2.0151E+12,1.8
MCD15A2H,Lai_500m,A2005009,1/9/05,0.1,1.7,211.2001,1.6,0.7516,0.1032,0.3213,289,281,97.23,2.0151E+12,0.8
MCD15A2H,Lai_500m,A2005017,1/17/05,0.1,1.7,267.4001,1.6,0.9285,0.1024,0.32,289,288,99.65,2.0151E+12,1.3
MCD15A2H,Lai_500m,A2005025,1/25/05,0.1,1.3,190.3,1.2,0.6796,0.083,0.2881,289,280,96.89,2.0151E+12,1
MCD15A2H,Lai_500m,A2005033,2/2/05,0.1,0.6,35.7,0.5,0.3078,0.0243,0.156,289,116,40.14,2.0151E+12,F
MCD15A2H,Lai_500m,A2005041,2/10/05,0.1,1.3,99.5,1.2,0.5888,0.1001,0.3163,289,169,58.48,2.0151E+12,0.8
MCD15A2H,Lai_500m,A2005049,2/18/05,0.1,1.2,51.5,1.1,0.3552,0.0585,0.2418,289,145,50.17,2.0151E+12,0.6
MCD15A2H,Lai_500m,A2005057,2/26/05,0.1,2.8,158.8999,2.7,0.6593,0.1074,0.3277,289,241,83.39,2.0151E+12,0.8
MCD15A2H,Lai_500m,A2005065,3/6/05,0.1,1.6,208.1001,1.5,0.7379,0.0682,0.2611,289,282,97.58,2.0151E+12,0.8
MCD15A2H,Lai_500m,A2005073,3/14/05,0.1,0.5,9.2,0.4,0.184,0.0105,0.1027,289,50,17.3,2.0151E+12,F
MCD15A2H,Lai_500m,A2005081,3/22/05,0.1,1,114.3999,0.9,0.55,0.0402,0.2005,289,208,71.97,2.0151E+12,0.5
MCD15A2H,Lai_500m,A2005089,3/30/05,0.1,1.4,208.4999,1.3,0.7722,0.0744,0.2727,289,270,93.43,2.0151E+12,0.9
MCD15A2H,Lai_500m,A2005097,4/7/05,0.1,1.5,248.3,1.4,0.8774,0.089,0.2984,289,283,97.92,2.0151E+12,1.3
MCD15A2H,Lai_500m,A2005105,4/15/05,0.2,1.6,314.8997,1.4,1.0896,0.0921,0.3034,289,289,100,2.0151E+12,1.5
MCD15A2H,Lai_500m,A2005113,4/23/05,0.2,2.5,288.5999,2.3,1.0689,0.1161,0.3408,289,270,93.43,2.0151E+12,1.2
MCD15A2H,Lai_500m,A2005121,5/1/05,0.2,2.8,322.8997,2.6,1.129,0.1807,0.425,289,286,98.96,2.0151E+12,2.6
MCD15A2H,Lai_500m,A2005129,5/9/05,0.4,2.1,345.4997,1.7,1.1997,0.0596,0.2442,289,288,99.65,2.0151E+12,2.1
MCD15A2H,Lai_500m,A2005137,5/17/05,0.5,3.2,406.4999,2.7,1.4066,0.096,0.3099,289,289,100,2.0151E+12,3.2
MCD15A2H,Lai_500m,A2005145,5/25/05,0.4,2.3,404.2999,1.9,1.4186,0.0747,0.2733,289,285,98.62,2.0151E+12,1.4
MCD15A2H,Lai_500m,A2005153,6/2/05,0.8,3.4,513.5999,2.6,1.7772,0.2115,0.4599,289,289,100,2.0151E+12,2.3
MCD15A2H,Lai_500m,A2005161,6/10/05,0.9,2.7,504.4998,1.8,1.7457,0.1446,0.3803,289,289,100,2.0151E+12,2
MCD15A2H,Lai_500m,A2005169,6/18/05,0.9,6.6,563.8001,5.7,1.9509,0.3927,0.6266,289,289,100,2.01511E+12,2
MCD15A2H,Lai_500m,A2005177,6/26/05,0.9,3.1,526.2999,2.2,1.8211,0.1734,0.4164,289,289,100,2.01511E+12,2
MCD15A2H,Lai_500m,A2005185,7/4/05,0.9,4.2,527.5999,3.3,1.8256,0.2317,0.4813,289,289,100,2.01511E+12,2
MCD15A2H,Lai_500m,A2005193,7/12/05,1,3.3,536.0001,2.3,1.8547,0.203,0.4505,289,289,100,2.01511E+12,1.9
MCD15A2H,Lai_500m,A2005201,7/20/05,0.8,4.5,539.3998,3.7,1.8664,0.2672,0.5169,289,289,100,2.01511E+12,2
MCD15A2H,Lai_500m,A2005209,7/28/05,0.6,3.2,471.3001,2.6,1.6892,0.2053,0.4531,289,279,96.54,2.01511E+12,1.3
MCD15A2H,Lai_500m,A2005217,8/5/05,0.3,4.9,340.8998,4.6,1.3265,0.4064,0.6375,289,257,88.93,2.01511E+12,1.1
MCD15A2H,Lai_500m,A2005225,8/13/05,0.2,3.8,339.6999,3.6,1.2723,0.4819,0.6942,289,267,92.39,2.01511E+12,0.5
MCD15A2H,Lai_500m,A2005233,8/21/05,0.6,5.6,547.7002,5,1.8952,0.3869,0.622,289,289,100,2.01511E+12,2.5
MCD15A2H,Lai_500m,A2005241,8/29/05,0.9,4.5,534.1002,3.6,1.8481,0.2676,0.5173,289,289,100,2.01511E+12,1.2
MCD15A2H,Lai_500m,A2005249,9/6/05,0.7,4,564.7,3.3,1.954,0.3855,0.6209,289,289,100,2.01511E+12,2.5
MCD15A2H,Lai_500m,A2005257,9/14/05,0.9,3.3,535.4001,2.4,1.8526,0.2824,0.5314,289,289,100,2.01511E+12,1.7
MCD15A2H,Lai_500m,A2005265,9/22/05,0.6,4.5,496.9003,3.9,1.7194,0.4128,0.6425,289,289,100,2.01511E+12,1.7
MCD15A2H,Lai_500m,A2005273,9/30/05,0.8,3.5,515.1002,2.7,1.7824,0.326,0.571,289,289,100,2.01511E+12,2.5
MCD15A2H,Lai_500m,A2005281,10/8/05,0.4,2.8,403.7,2.4,1.3969,0.1867,0.4321,289,289,100,2.01511E+12,2
MCD15A2H,Lai_500m,A2005289,10/16/05,0.6,3.1,409.4,2.5,1.4166,0.1848,0.4299,289,289,100,2.01511E+12,1.4
MCD15A2H,Lai_500m,A2005297,10/24/05,0.5,2.5,314.0003,2,1.0865,0.0925,0.3042,289,289,100,2.01511E+12,1.5
MCD15A2H,Lai_500m,A2005305,11/1/05,0.5,2,332.8003,1.5,1.1516,0.1118,0.3344,289,289,100,2.01511E+12,1.6
MCD15A2H,Lai_500m,A2005313,11/9/05,0.4,1.9,318.0002,1.5,1.1003,0.0888,0.2979,289,289,100,2.01511E+12,1.4
MCD15A2H,Lai_500m,A2005321,11/17/05,0.4,1.9,331.2002,1.5,1.146,0.1102,0.3319,289,289,100,2.01511E+12,1.4
MCD15A2H,Lai_500m,A2005329,11/25/05,0.6,3.1,326.7998,2.5,1.1308,0.1145,0.3384,289,289,100,2.01511E+12,1.4
MCD15A2H,Lai_500m,A2005337,12/3/05,0.5,2.1,336.5002,1.6,1.1644,0.1384,0.372,289,289,100,2.01511E+12,1.3
MCD15A2H,Lai_500m,A2005345,12/11/05,0.4,2.2,287.8003,1.8,0.9958,0.0877,0.2961,289,289,100,2.01511E+12,1.2
MCD15A2H,Lai_500m,A2005353,12/19/05,0.5,2.1,326.4002,1.6,1.1294,0.1349,0.3673,289,289,100,2.01511E+12,1.8
MCD15A2H,Lai_500m,A2005361,12/27/05,0.3,1.9,311.1002,1.6,1.0765,0.1062,0.3259,289,289,100,2.01511E+12,1.4
MCD15A2H,Lai_500m,A2006001,1/1/06,0.5,2.2,330.8002,1.7,1.1446,0.1289,0.359,289,289,100,2.01511E+12,1.4
MCD15A2H,Lai_500m,A2006009,1/9/06,0.4,1.9,304.0002,1.5,1.0519,0.0799,0.2827,289,289,100,2.01511E+12,1.3
MCD15A2H,Lai_500m,A2006017,1/17/06,0.5,2.7,317.2002,2.2,1.0976,0.1112,0.3335,289,289,100,2.01511E+12,1.3
MCD15A2H,Lai_500m,A2006025,1/25/06,0.2,2.7,249.6999,2.5,0.867,0.0909,0.3015,289,288,99.65,2.01511E+12,1.4
MCD15A2H,Lai_500m,A2006033,2/2/06,0.4,1.4,291,1,1.0069,0.0618,0.2485,289,289,100,2.01511E+12,1.2
MCD15A2H,Lai_500m,A2006041,2/10/06,0.4,2,297.0002,1.6,1.0277,0.1076,0.328,289,289,100,2.01511E+12,1.5
MCD15A2H,Lai_500m,A2006049,2/18/06,0.4,4.3,322.6998,3.9,1.1166,0.1216,0.3487,289,289,100,2.01511E+12,1.4
MCD15A2H,Lai_500m,A2006057,2/26/06,0.4,4,323.5997,3.6,1.1197,0.1242,0.3524,289,289,100,2.01511E+12,1.3
MCD15A2H,Lai_500m,A2006065,3/6/06,0.4,3.9,281.9001,3.5,0.9926,0.0886,0.2976,289,284,98.27,2.01512E+12,1.1
MCD15A2H,Lai_500m,A2006073,3/14/06,0.1,1.5,236.9001,1.4,0.8226,0.0792,0.2815,289,288,99.65,2.01512E+12,1.1
MCD15A2H,Lai_500m,A2006081,3/22/06,0.2,2.5,268.7,2.3,0.933,0.1053,0.3244,289,288,99.65,2.01512E+12,1.4
MCD15A2H,Lai_500m,A2006089,3/30/06,0.2,4.4,298.2,4.2,1.039,0.2201,0.4692,289,287,99.31,2.01512E+12,1.4
MCD15A2H,Lai_500m,A2006097,4/7/06,0.6,1.7,348.3999,1.1,1.2055,0.069,0.2626,289,289,100,2.01512E+12,1.6
MCD15A2H,Lai_500m,A2006105,4/15/06,0.6,1.7,345.8998,1.1,1.1969,0.0645,0.254,289,289,100,2.01512E+12,1.3
MCD15A2H,Lai_500m,A2006113,4/23/06,0.7,1.8,352.7999,1.1,1.2208,0.0549,0.2344,289,289,100,2.01512E+12,1.4
MCD15A2H,Lai_500m,A2006121,5/1/06,0.6,1.8,351.0997,1.2,1.2149,0.0669,0.2587,289,289,100,2.01512E+12,1.4
MCD15A2H,Lai_500m,A2006129,5/9/06,0.6,2.1,350.3998,1.5,1.2125,0.0552,0.235,289,289,100,2.01512E+12,1.1
MCD15A2H,Lai_500m,A2006137,5/17/06,0.7,2.2,367.5998,1.5,1.272,0.0893,0.2988,289,289,100,2.01512E+12,1.2
MCD15A2H,Lai_500m,A2006145,5/25/06,0.7,2.2,402.8,1.5,1.3938,0.0855,0.2924,289,289,100,2.01512E+12,1.3
MCD15A2H,Lai_500m,A2006153,6/2/06,0.7,2.7,435.6001,2,1.5073,0.1378,0.3712,289,289,100,2.01512E+12,1.7
MCD15A2H,Lai_500m,A2006161,6/10/06,0.8,3,422.4,2.2,1.4616,0.0984,0.3137,289,289,100,2.01512E+12,1.5
MCD15A2H,Lai_500m,A2006169,6/18/06,0.7,2.8,424.0002,2.1,1.4671,0.1365,0.3694,289,289,100,2.01512E+12,1.6
MCD15A2H,Lai_500m,A2006177,6/26/06,0.6,3.4,405.5999,2.8,1.4332,0.125,0.3535,289,283,97.92,2.01512E+12,2
MCD15A2H,Lai_500m,A2006185,7/4/06,0.2,5.9,450.6,5.7,1.5646,0.3126,0.5591,289,288,99.65,2.01512E+12,1.7
MCD15A2H,Lai_500m,A2006193,7/12/06,0.9,5,515.3,4.1,1.783,0.3932,0.6271,289,289,100,2.01512E+12,1.6
MCD15A2H,Lai_500m,A2006201,7/20/06,0.2,2.8,336.7997,2.6,1.1818,0.3253,0.5703,289,285,98.62,2.01512E+12,1
MCD15A2H,Lai_500m,A2006209,7/28/06,0.2,6,357.8999,5.8,1.2828,0.413,0.6426,289,279,96.54,2.01512E+12,0.9
MCD15A2H,Lai_500m,A2006217,8/5/06,0.4,6.8,472.2999,6.4,1.6399,0.3888,0.6235,289,288,99.65,2.01512E+12,2.2
MCD15A2H,Lai_500m,A2006225,8/13/06,0.1,3.2,281.5001,3.1,1.2456,0.3041,0.5514,289,226,78.2,2.01512E+12,F
MCD15A2H,Lai_500m,A2006233,8/21/06,0.8,3.6,508.5,2.8,1.7595,0.1702,0.4125,289,289,100,2.01512E+12,1.5
MCD15A2H,Lai_500m,A2006241,8/29/06,0.7,3.2,584.2999,2.5,2.0218,0.2237,0.473,289,289,100,2.01512E+12,2.5
MCD15A2H,Lai_500m,A2006249,9/6/06,0.3,3.7,450.4,3.4,1.5639,0.3144,0.5607,289,288,99.65,2.01512E+12,1.9
MCD15A2H,Lai_500m,A2006257,9/14/06,0.8,3.2,508.6005,2.4,1.7599,0.2429,0.4928,289,289,100,2.01512E+12,2.5
MCD15A2H,Lai_500m,A2006265,9/22/06,0.6,3,452.3002,2.4,1.5651,0.17,0.4123,289,289,100,2.01512E+12,1.8
MCD15A2H,Lai_500m,A2006273,9/30/06,0.7,3.9,435.8997,3.2,1.5083,0.3115,0.5581,289,289,100,2.01512E+12,1.6
MCD15A2H,Lai_500m,A2006281,10/8/06,0.3,1.9,329.6999,1.6,1.1408,0.1056,0.325,289,289,100,2.01512E+12,1.5
MCD15A2H,Lai_500m,A2006289,10/16/06,0.5,2.4,336.4,1.9,1.164,0.1279,0.3576,289,289,100,2.01512E+12,1.9
MCD15A2H,Lai_500m,A2006297,10/24/06,0.3,2.5,295.2001,2.2,1.0215,0.0876,0.296,289,289,100,2.01512E+12,1.2
MCD15A2H,Lai_500m,A2006305,11/1/06,0.4,1.8,308.2001,1.4,1.0664,0.0859,0.2931,289,289,100,2.01512E+12,1.4
MCD15A2H,Lai_500m,A2006313,11/9/06,0.4,1.8,284.5999,1.4,0.9848,0.0721,0.2685,289,289,100,2.01512E+12,1.2
MCD15A2H,Lai_500m,A2006321,11/17/06,0.5,2.3,322,1.8,1.1142,0.1205,0.3471,289,289,100,2.01512E+12,1.4
MCD15A2H,Lai_500m,A2006329,11/25/06,0.3,1.8,277.1002,1.5,0.9588,0.0824,0.2871,289,289,100,2.01512E+12,1.3
MCD15A2H,Lai_500m,A2006337,12/3/06,0.4,2,315.3,1.6,1.091,0.1124,0.3352,289,289,100,2.01513E+12,1.3
MCD15A2H,Lai_500m,A2006345,12/11/06,0.3,1.5,248.7,1.2,0.8696,0.0723,0.2689,289,286,98.96,2.01513E+12,1.1
MCD15A2H,Lai_500m,A2006353,12/19/06,0.1,1.8,188.8001,1.7,0.729,0.1,0.3163,289,259,89.62,2.01513E+12,F
MCD15A2H,Lai_500m,A2006361,12/27/06,0.1,1.7,119.5999,1.6,0.5046,0.1092,0.3305,289,237,82.01,2.01513E+12,F
MCD15A2H,Lai_500m,A2007001,1/1/07,0.1,2.4,191.9,2.3,0.6854,0.1715,0.4141,289,280,96.89,2.01513E+12,0.7
MCD15A2H,Lai_500m,A2007009,1/9/07,0.1,2.8,155.6999,2.7,0.674,0.1883,0.434,289,231,79.93,2.01513E+12,F
MCD15A2H,Lai_500m,A2007017,1/17/07,0.1,2.7,147.2,2.6,0.5935,0.1208,0.3476,289,248,85.81,2.01513E+12,0.9
MCD15A2H,Lai_500m,A2007025,1/25/07,0.1,2,190.3001,1.9,0.6631,0.134,0.366,289,287,99.31,2.01513E+12,0.7
MCD15A2H,Lai_500m,A2007033,2/2/07,0.1,1.8,169.4999,1.7,0.6186,0.0729,0.27,289,274,94.81,2.01513E+12,0.5
MCD15A2H,Lai_500m,A2007041,2/10/07,0.1,1.3,124.1999,1.2,0.6059,0.0814,0.2854,289,205,70.93,2.01513E+12,F
MCD15A2H,Lai_500m,A2007049,2/18/07,0.1,3,105.4999,2.9,0.617,0.162,0.4025,289,171,59.17,2.01513E+12,0.5
MCD15A2H,Lai_500m,A2007057,2/26/07,0.1,1.4,186.0999,1.3,0.6718,0.0758,0.2753,289,277,95.85,2.01513E+12,0.6
MCD15A2H,Lai_500m,A2007065,3/6/07,0.1,1.5,207.7001,1.4,0.7212,0.0631,0.2511,289,288,99.65,2.01513E+12,0.8
MCD15A2H,Lai_500m,A2007073,3/14/07,0.2,3.1,289.0003,2.9,1,0.101,0.3178,289,289,100,2.01513E+12,1.3
MCD15A2H,Lai_500m,A2007081,3/22/07,0.2,2.1,303.4998,1.9,1.0612,0.1292,0.3595,289,286,98.96,2.01513E+12,1.5
MCD15A2H,Lai_500m,A2007089,3/30/07,0.4,1.8,332.6998,1.4,1.1512,0.0992,0.3149,289,289,100,2.01513E+12,1.5
MCD15A2H,Lai_500m,A2007097,4/7/07,0.2,1.7,323.9998,1.5,1.1368,0.0877,0.2961,289,285,98.62,2.01513E+12,1.4
MCD15A2H,Lai_500m,A2007105,4/15/07,0.6,2.3,352.8998,1.7,1.2211,0.0784,0.28,289,289,100,2.01513E+12,1.4
MCD15A2H,Lai_500m,A2007113,4/23/07,0.2,1.6,328.7998,1.4,1.1377,0.0829,0.2879,289,289,100,2.01513E+12,1.5
MCD15A2H,Lai_500m,A2007121,5/1/07,0.5,1.8,351.0997,1.3,1.2149,0.065,0.255,289,289,100,2.01513E+12,1.5
MCD15A2H,Lai_500m,A2007129,5/9/07,0.7,2.6,364.2997,1.9,1.2606,0.0939,0.3065,289,289,100,2.01513E+12,1
MCD15A2H,Lai_500m,A2007137,5/17/07,0.7,5.9,377.9999,5.2,1.3125,0.1568,0.396,289,288,99.65,2.01513E+12,1
MCD15A2H,Lai_500m,A2007145,5/25/07,0.8,2.7,431.4999,1.9,1.4931,0.0839,0.2896,289,289,100,2.01513E+12,2.5
MCD15A2H,Lai_500m,A2007153,6/2/07,1,3.3,490.1996,2.3,1.6962,0.1515,0.3892,289,289,100,2.01513E+12,1.9
MCD15A2H,Lai_500m,A2007161,6/10/07,1,6,505.4,5,1.7488,0.2316,0.4813,289,289,100,2.01513E+12,2
MCD15A2H,Lai_500m,A2007169,6/18/07,1.1,3.6,564.6001,2.5,1.9536,0.2499,0.4999,289,289,100,2.01513E+12,2.2
MCD15A2H,Lai_500m,A2007177,6/26/07,1,3.8,535.2,2.8,1.8519,0.1774,0.4212,289,289,100,2.01513E+12,2.4
MCD15A2H,Lai_500m,A2007185,7/4/07,0.5,5.7,440.7999,5.2,1.5521,0.2914,0.5398,289,284,98.27,2.01516E+12,1.5
MCD15A2H,Lai_500m,A2007193,7/12/07,0.5,5.5,582.3001,5,2.0219,0.5888,0.7673,289,288,99.65,2.01516E+12,2.1
MCD15A2H,Lai_500m,A2007201,7/20/07,0.2,4.2,317.7,4,1.2034,0.6102,0.7811,289,264,91.35,2.01516E+12,1.6
MCD15A2H,Lai_500m,A2007209,7/28/07,0.2,4.7,371.9998,4.5,1.3238,0.4483,0.6695,289,281,97.23,2.01516E+12,0.6
MCD15A2H,Lai_500m,A2007217,8/5/07,0.4,6,558.4001,5.6,1.9389,0.4875,0.6982,289,288,99.65,2.01516E+12,2.3
MCD15A2H,Lai_500m,A2007225,8/13/07,1.2,5.1,652.9001,3.9,2.2592,0.5724,0.7566,289,289,100,2.01516E+12,2.1
MCD15A2H,Lai_500m,A2007233,8/21/07,1,4.6,610.1998,3.6,2.1114,0.4988,0.7063,289,289,100,2.01516E+12,1.7
MCD15A2H,Lai_500m,A2007241,8/29/07,0.4,6.4,653.8,6,2.2701,1.0279,1.0139,289,288,99.65,2.01516E+12,3
MCD15A2H,Lai_500m,A2007249,9/6/07,0.9,4.1,620.8997,3.2,2.1484,0.4251,0.652,289,289,100,2.01516E+12,1.7
MCD15A2H,Lai_500m,A2007257,9/14/07,0.8,3.5,554.2998,2.7,1.918,0.271,0.5206,289,289,100,2.01517E+12,2.6
MCD15A2H,Lai_500m,A2007265,9/22/07,0.7,3.3,552.7997,2.6,1.9128,0.3116,0.5582,289,289,100,2.01517E+12,2.8
MCD15A2H,Lai_500m,A2007273,9/30/07,0.7,3,523.8002,2.3,1.8125,0.2891,0.5377,289,289,100,2.01517E+12,2.2
MCD15A2H,Lai_500m,A2007281,10/8/07,0.6,2.5,419.5001,1.9,1.4516,0.1143,0.3381,289,289,100,2.01517E+12,1.4
MCD15A2H,Lai_500m,A2007289,10/16/07,0.5,2.5,361.9001,2,1.2522,0.1241,0.3523,289,289,100,2.01517E+12,1.6
MCD15A2H,Lai_500m,A2007297,10/24/07,0.6,2.1,324.8999,1.5,1.1242,0.0917,0.3028,289,289,100,2.01517E+12,1.4
MCD15A2H,Lai_500m,A2007305,11/1/07,0.4,1.7,312.8001,1.3,1.0824,0.0866,0.2944,289,289,100,2.01517E+12,1.4
MCD15A2H,Lai_500m,A2007313,11/9/07,0.5,2.2,322,1.7,1.1142,0.1235,0.3514,289,289,100,2.01517E+12,1.3
MCD15A2H,Lai_500m,A2007321,11/17/07,0.4,1.8,302.4001,1.4,1.0464,0.0933,0.3054,289,289,100,2.01517E+12,1.2
MCD15A2H,Lai_500m,A2007329,11/25/07,0.3,1.8,266.6001,1.5,0.9225,0.0853,0.2921,289,289,100,2.01517E+12,1
MCD15A2H,Lai_500m,A2007337,12/3/07,0.4,2.1,301.2002,1.7,1.0422,0.1139,0.3374,289,289,100,2.01517E+12,1.3
MCD15A2H,Lai_500m,A2007345,12/11/07,0.1,3.2,116.8999,3.1,0.5514,0.1034,0.3216,289,212,73.36,2.01517E+12,0.6
MCD15A2H,Lai_500m,A2007353,12/19/07,0.1,5.5,240.5999,5.4,0.8655,0.4631,0.6805,289,278,96.19,2.01517E+12,0.8
MCD15A2H,Lai_500m,A2007361,12/27/07,0.1,2,213.8,1.9,0.7582,0.0977,0.3125,289,282,97.58,2.01517E+12,0.9
MCD15A2H,Lai_500m,A2008001,1/1/08,0.1,1.6,121.1,1.5,0.6654,0.1072,0.3274,289,182,62.98,2.01517E+12,F
MCD15A2H,Lai_500m,A2008009,1/9/08,0.1,5.8,141.9,5.7,0.5676,0.1779,0.4217,289,250,86.51,2.01517E+12,0.6
MCD15A2H,Lai_500m,A2008017,1/17/08,0.1,2.7,196.2,2.6,0.746,0.1513,0.389,289,263,91,2.01517E+12,0.6
MCD15A2H,Lai_500m,A2008025,1/25/08,0.1,2.1,91.3,2,0.5308,0.1822,0.4269,289,172,59.52,2.01517E+12,F
MCD15A2H,Lai_500m,A2008033,2/2/08,0.1,1.8,129.6,1.7,0.6513,0.1205,0.3471,289,199,68.86,2.01517E+12,F
MCD15A2H,Lai_500m,A2008041,2/10/08,0.1,1.2,169.8999,1.1,0.6201,0.0676,0.26,289,274,94.81,2.01517E+12,0.7
MCD15A2H,Lai_500m,A2008049,2/18/08,0.1,2.1,105.5,2,0.6472,0.1377,0.3711,289,163,56.4,2.01517E+12,F
MCD15A2H,Lai_500m,A2008057,2/26/08,0.1,6,197.8999,5.9,0.7223,0.3738,0.6114,289,274,94.81,2.01517E+12,0.7
MCD15A2H,Lai_500m,A2008065,3/5/08,0.1,5.2,194.2,5.1,0.7036,0.2834,0.5323,289,276,95.5,2.01517E+12,0.7
MCD15A2H,Lai_500m,A2008073,3/13/08,0.1,1.4,201.5,1.3,0.7095,0.0559,0.2363,289,284,98.27,2.01517E+12,1
MCD15A2H,Lai_500m,A2008081,3/21/08,0.2,1.5,259.8,1.3,0.9052,0.0712,0.2669,289,287,99.31,2.01517E+12,1.3
MCD15A2H,Lai_500m,A2008089,3/29/08,0.2,1.8,291.7,1.6,1.0093,0.0788,0.2808,289,289,100,2.01517E+12,1.3
MCD15A2H,Lai_500m,A2008097,4/6/08,0.3,1.6,309.2999,1.3,1.0702,0.0943,0.3071,289,289,100,2.01517E+12,1.3
MCD15A2H,Lai_500m,A2008105,4/14/08,0.5,1.6,334.1996,1.1,1.1564,0.0876,0.2959,289,289,100,2.01517E+12,1.6
MCD15A2H,Lai_500m,A2008113,4/22/08,0.5,1.6,332.1998,1.1,1.1495,0.0548,0.2341,289,289,100,2.01517E+12,1.3
MCD15A2H,Lai_500m,A2008121,4/30/08,0.6,2.2,348.5995,1.6,1.2062,0.06,0.245,289,289,100,2.01517E+12,1.5
MCD15A2H,Lai_500m,A2008129,5/8/08,0.6,1.9,308.0001,1.3,1.0657,0.0372,0.1929,289,289,100,2.01517E+12,1.3
MCD15A2H,Lai_500m,A2008137,5/16/08,0.7,2.9,361.6998,2.2,1.2516,0.104,0.3224,289,289,100,2.01518E+12,1.3
MCD15A2H,Lai_500m,A2008145,5/24/08,0.7,2.3,397.4001,1.6,1.3751,0.0873,0.2954,289,289,100,2.01518E+12,1.6
MCD15A2H,Lai_500m,A2008153,6/1/08,0.8,2.5,452.5001,1.7,1.5657,0.1162,0.3408,289,289,100,2.01518E+12,1.7
MCD15A2H,Lai_500m,A2008161,6/9/08,0.8,3.7,497.4,2.9,1.7211,0.2016,0.449,289,289,100,2.01518E+12,2
MCD15A2H,Lai_500m,A2008169,6/17/08,0.9,3.5,557.4997,2.6,1.9291,0.2736,0.5231,289,289,100,2.01518E+12,2.4
MCD15A2H,Lai_500m,A2008177,6/25/08,0.4,3.5,431.3998,3.1,1.5745,0.465,0.6819,289,274,94.81,2.01518E+12,1.7
MCD15A2H,Lai_500m,A2008185,7/3/08,0.1,4.7,321.0001,4.6,1.366,0.4565,0.6756,289,235,81.31,2.01518E+12,F
MCD15A2H,Lai_500m,A2008193,7/11/08,0.4,4.2,388.5,3.8,1.85,0.4389,0.6625,289,210,72.66,2.01518E+12,2.7
MCD15A2H,Lai_500m,A2008201,7/19/08,0.3,3.1,400.3,2.8,1.4296,0.3054,0.5526,289,280,96.89,2.01518E+12,1.4
MCD15A2H,Lai_500m,A2008209,7/27/08,1.1,4.4,627.0999,3.3,2.1699,0.3514,0.5928,289,289,100,2.01518E+12,2.9
MCD15A2H,Lai_500m,A2008217,8/4/08,0.5,4.4,485.6,3.9,1.6861,0.4146,0.6439,289,288,99.65,2.01518E+12,2.6
MCD15A2H,Lai_500m,A2008225,8/12/08,1.1,6,666.7999,4.9,2.3073,0.635,0.7969,289,289,100,2.01518E+12,2.2
MCD15A2H,Lai_500m,A2008233,8/20/08,1,6.3,553.6997,5.3,1.9159,0.2596,0.5095,289,289,100,2.01518E+12,1.7
MCD15A2H,Lai_500m,A2008241,8/28/08,1,5.4,632.7001,4.4,2.1893,0.4126,0.6423,289,289,100,2.01518E+12,2.3
MCD15A2H,Lai_500m,A2008249,9/5/08,0.8,4,620,3.2,2.1453,0.4096,0.64,289,289,100,2.01518E+12,2.5
MCD15A2H,Lai_500m,A2008257,9/13/08,0.9,4.2,604.1,3.3,2.0903,0.4299,0.6557,289,289,100,2.01518E+12,2.2
MCD15A2H,Lai_500m,A2008265,9/21/08,0.8,3.3,497.1999,2.5,1.7204,0.2964,0.5445,289,289,100,2.01518E+12,2.8
MCD15A2H,Lai_500m,A2008273,9/29/08,0.6,4,459.9002,3.4,1.5914,0.3147,0.561,289,289,100,2.01518E+12,1.6
MCD15A2H,Lai_500m,A2008281,10/7/08,0.7,2.6,424.7003,1.9,1.4696,0.1468,0.3832,289,289,100,2.01518E+12,1.7
MCD15A2H,Lai_500m,A2008289,10/15/08,0.6,2,351.9999,1.4,1.218,0.1339,0.366,289,289,100,2.01518E+12,1.3
MCD15A2H,Lai_500m,A2008297,10/23/08,0.5,1.8,323.3,1.3,1.1187,0.0894,0.299,289,289,100,2.01518E+12,1.4
MCD15A2H,Lai_500m,A2008305,10/31/08,0.4,1.8,308.4999,1.4,1.0675,0.0926,0.3043,289,289,100,2.01518E+12,1.3
MCD15A2H,Lai_500m,A2008313,11/8/08,0.5,1.8,314.3999,1.3,1.0879,0.0771,0.2776,289,289,100,2.01518E+12,1.4
MCD15A2H,Lai_500m,A2008321,11/16/08,0.5,2.2,319.9,1.7,1.1069,0.1269,0.3563,289,289,100,2.01518E+12,1.3
MCD15A2H,Lai_500m,A2008329,11/24/08,0.3,2.2,289.6,1.9,1.0021,0.1212,0.3482,289,289,100,2.01518E+12,1.7
MCD15A2H,Lai_500m,A2008337,12/2/08,0.3,1.4,254.1001,1.1,0.8792,0.0557,0.236,289,289,100,2.01518E+12,1.2
MCD15A2H,Lai_500m,A2008345,12/10/08,0.1,2.1,219.9001,2,0.8761,0.1542,0.3926,289,251,86.85,2.01518E+12,0.6
MCD15A2H,Lai_500m,A2008353,12/18/08,0.1,1.3,32.1,1.2,0.2568,0.0506,0.225,289,125,43.25,2.01518E+12,F
MCD15A2H,Lai_500m,A2008361,12/26/08,0.1,1.8,195.7999,1.7,0.6968,0.115,0.3392,289,281,97.23,2.01519E+12,0.6
MCD15A2H,Lai_500m,A2009001,1/1/09,0.1,1.6,187.1999,1.5,0.671,0.1067,0.3267,289,279,96.54,2.01519E+12,0.6
MCD15A2H,Lai_500m,A2009009,1/9/09,0.1,2,196.7,1.9,0.7025,0.0912,0.3019,289,280,96.89,2.01519E+12,0.8
MCD15A2H,Lai_500m,A2009017,1/17/09,0.1,1.3,197.1,1.2,0.694,0.0634,0.2518,289,284,98.27,2.01519E+12,0.9
MCD15A2H,Lai_500m,A2009025,1/25/09,0.1,1.8,229.1,1.7,0.8039,0.1051,0.3241,289,285,98.62,2.01519E+12,1.1
MCD15A2H,Lai_500m,A2009033,2/2/09,0.1,1.7,237.2001,1.6,0.8236,0.1223,0.3497,289,288,99.65,2.01519E+12,0.7
MCD15A2H,Lai_500m,A2009041,2/10/09,0.1,2,211.2,1.9,0.7881,0.1108,0.3329,289,268,92.73,2.01519E+12,0.9
MCD15A2H,Lai_500m,A2009049,2/18/09,0.2,1.5,248.7998,1.3,0.8669,0.0756,0.2749,289,287,99.31,2.01519E+12,1
MCD15A2H,Lai_500m,A2009057,2/26/09,0.3,1.6,265.6,1.3,0.919,0.0779,0.2791,289,289,100,2.01519E+12,1.2
MCD15A2H,Lai_500m,A2009065,3/6/09,0.2,2.8,281.3999,2.6,0.9805,0.1028,0.3207,289,287,99.31,2.01519E+12,1.4
MCD15A2H,Lai_500m,A2009073,3/14/09,0.3,1.6,310.1997,1.3,1.0734,0.0806,0.2838,289,289,100,2.01519E+12,1.4
MCD15A2H,Lai_500m,A2009081,3/22/09,0.4,2,303.2998,1.6,1.0495,0.0734,0.2709,289,289,100,2.01519E+12,1.4
MCD15A2H,Lai_500m,A2009089,3/30/09,0.4,1.6,333.5,1.2,1.154,0.1028,0.3207,289,289,100,2.01519E+12,1.5
MCD15A2H,Lai_500m,A2009097,4/7/09,0.3,1.6,303.3999,1.3,1.0498,0.091,0.3017,289,289,100,2.01519E+12,1.2
MCD15A2H,Lai_500m,A2009105,4/15/09,0.2,2.6,338.9997,2.4,1.173,0.1144,0.3383,289,289,100,2.01519E+12,1.4
MCD15A2H,Lai_500m,A2009113,4/23/09,0.5,1.8,335.3999,1.3,1.1606,0.0639,0.2528,289,289,100,2.01519E+12,1.4
MCD15A2H,Lai_500m,A2009121,5/1/09,0.7,1.6,355.4998,0.9,1.2301,0.053,0.2302,289,289,100,2.01519E+12,1.1
MCD15A2H,Lai_500m,A2009129,5/9/09,0.7,1.9,370.3998,1.2,1.2817,0.0516,0.2272,289,289,100,2.01519E+12,1.4
MCD15A2H,Lai_500m,A2009137,5/17/09,0.6,2.9,405.8002,2.3,1.4139,0.1101,0.3318,289,287,99.31,2.01519E+12,1.7
MCD15A2H,Lai_500m,A2009145,5/25/09,0.2,3.5,491,3.3,1.7289,0.3164,0.5625,289,284,98.27,2.01519E+12,2.8
MCD15A2H,Lai_500m,A2009153,6/2/09,0.3,6.3,386.2,6,1.3551,0.2596,0.5095,289,285,98.62,2.01519E+12,0.9
MCD15A2H,Lai_500m,A2009161,6/10/09,1,3,536.0002,2,1.8547,0.1723,0.4151,289,289,100,2.01519E+12,1.7
MCD15A2H,Lai_500m,A2009169,6/18/09,0.8,4.2,513.7999,3.4,1.7779,0.2459,0.4959,289,289,100,2.01519E+12,2.2
MCD15A2H,Lai_500m,A2009177,6/26/09,1,4.7,593.1005,3.7,2.0523,0.3907,0.625,289,289,100,2.01519E+12,2.7
MCD15A2H,Lai_500m,A2009185,7/4/09,1.1,4.3,540.3999,3.2,1.8699,0.2027,0.4503,289,289,100,2.01519E+12,2
MCD15A2H,Lai_500m,A2009193,7/12/09,0.8,4.4,552.0999,3.6,1.9104,0.291,0.5394,289,289,100,2.01519E+12,2.3
MCD15A2H,Lai_500m,A2009201,7/20/09,0.3,3.6,440.9998,3.3,1.6036,0.3103,0.5571,289,275,95.16,2.01519E+12,1.9
MCD15A2H,Lai_500m,A2009209,7/28/09,0.5,3.9,583.3998,3.4,2.0187,0.3718,0.6097,289,289,100,2.01519E+12,2.5
MCD15A2H,Lai_500m,A2009217,8/5/09,1.1,5.4,591.3002,4.3,2.046,0.3313,0.5756,289,289,100,2.01519E+12,1.5
MCD15A2H,Lai_500m,A2009225,8/13/09,1,3.5,580.2,2.5,2.0076,0.2398,0.4897,289,289,100,2.01519E+12,2.3
MCD15A2H,Lai_500m,A2009233,8/21/09,0.6,6.4,518.9998,5.8,1.8021,0.3956,0.6289,289,288,99.65,2.01519E+12,2
MCD15A2H,Lai_500m,A2009241,8/29/09,1,4.1,552.2001,3.1,1.9107,0.2567,0.5067,289,289,100,2.01519E+12,1.2
MCD15A2H,Lai_500m,A2009249,9/6/09,0.8,4.9,535.2002,4.1,1.8583,0.2294,0.479,289,288,99.65,2.01519E+12,2.5
MCD15A2H,Lai_500m,A2009257,9/14/09,0.5,2.8,428.8,2.3,1.4837,0.1742,0.4173,289,289,100,2.0152E+12,1.5
MCD15A2H,Lai_500m,A2009265,9/22/09,0.8,3.7,454.9002,2.9,1.574,0.1612,0.4015,289,289,100,2.0152E+12,1.6
MCD15A2H,Lai_500m,A2009273,9/30/09,0.7,2.2,387.5,1.5,1.3408,0.0826,0.2873,289,289,100,2.0152E+12,1.7
MCD15A2H,Lai_500m,A2009281,10/8/09,0.5,1.8,356.6003,1.3,1.2339,0.0927,0.3045,289,289,100,2.0152E+12,1.6
MCD15A2H,Lai_500m,A2009289,10/16/09,0.6,2.4,350.2001,1.8,1.2118,0.1195,0.3457,289,289,100,2.0152E+12,1.6
MCD15A2H,Lai_500m,A2009297,10/24/09,0.4,1.7,308.7998,1.3,1.0685,0.0814,0.2853,289,289,100,2.0152E+12,1.3
MCD15A2H,Lai_500m,A2009305,11/1/09,0.4,1.8,323.0001,1.4,1.1176,0.131,0.3619,289,289,100,2.0152E+12,1.5
MCD15A2H,Lai_500m,A2009313,11/9/09,0.3,2.4,288.7002,2.1,0.999,0.1048,0.3237,289,289,100,2.0152E+12,1.4
MCD15A2H,Lai_500m,A2009321,11/17/09,0.4,1.9,308.1001,1.5,1.0661,0.102,0.3193,289,289,100,2.0152E+12,1.4
MCD15A2H,Lai_500m,A2009329,11/25/09,0.5,2,321.5001,1.5,1.1125,0.1025,0.3202,289,289,100,2.0152E+12,1.3
MCD15A2H,Lai_500m,A2009337,12/3/09,0.3,2.3,264,2,0.9135,0.109,0.3301,289,289,100,2.0152E+12,1.3
MCD15A2H,Lai_500m,A2009345,12/11/09,0.1,1.3,171.6,1.2,0.6525,0.0708,0.2661,289,263,91,2.0152E+12,0.8
MCD15A2H,Lai_500m,A2009353,12/19/09,0.1,1.6,200.3,1.5,0.7103,0.0891,0.2985,289,282,97.58,2.0152E+12,0.8
MCD15A2H,Lai_500m,A2009361,12/27/09,0.1,3.7,196.5,3.6,0.7278,0.1481,0.3848,289,270,93.43,2.0152E+12,0.7
MCD15A2H,Lai_500m,A2010001,1/1/10,0.1,2.4,223.4999,2.3,0.8011,0.1262,0.3552,289,279,96.54,2.0152E+12,0.7
MCD15A2H,Lai_500m,A2010009,1/9/10,0.1,1.7,220.3,1.6,0.7953,0.0915,0.3025,289,277,95.85,2.0152E+12,0.6
MCD15A2H,Lai_500m,A2010017,1/17/10,0.1,1.9,79,1.8,0.5563,0.1444,0.38,289,142,49.13,2.0152E+12,F
MCD15A2H,Lai_500m,A2010025,1/25/10,0.1,0.8,96.7999,0.7,0.442,0.0393,0.1983,289,219,75.78,2.0152E+12,0.5
MCD15A2H,Lai_500m,A2010033,2/2/10,0.1,1.6,66.4,1.5,0.4548,0.113,0.3362,289,146,50.52,2.0152E+12,F
MCD15A2H,Lai_500m,A2010041,2/10/10,0.1,2.8,117.9999,2.7,0.5673,0.1357,0.3683,289,208,71.97,2.0152E+12,0.5
MCD15A2H,Lai_500m,A2010049,2/18/10,0.1,0.9,50.4,0.8,0.3524,0.0345,0.1858,289,143,49.48,2.0152E+12,F
MCD15A2H,Lai_500m,A2010057,2/26/10,0.1,1.5,126.3998,1.4,0.518,0.0544,0.2333,289,244,84.43,2.0152E+12,0.6
MCD15A2H,Lai_500m,A2010065,3/6/10,0.1,1.6,71.2,1.5,0.4877,0.0764,0.2764,289,146,50.52,2.01521E+12,F
MCD15A2H,Lai_500m,A2010073,3/14/10,0.1,1.1,119.3999,1,0.5427,0.0534,0.2312,289,220,76.12,2.01521E+12,0.6
MCD15A2H,Lai_500m,A2010081,3/22/10,0.1,2.4,133.6999,2.3,0.6105,0.0695,0.2637,289,219,75.78,2.01521E+12,0.6
MCD15A2H,Lai_500m,A2010089,3/30/10,0.1,1.5,206.3,1.4,0.7368,0.0663,0.2575,289,280,96.89,2.01521E+12,0.9
MCD15A2H,Lai_500m,A2010097,4/7/10,0.2,1.6,276.8999,1.4,0.9581,0.085,0.2915,289,289,100,2.01521E+12,1.4
MCD15A2H,Lai_500m,A2010105,4/15/10,0.1,1.9,300.2,1.8,1.057,0.1355,0.3682,289,284,98.27,2.01521E+12,1.7
MCD15A2H,Lai_500m,A2010113,4/23/10,0.5,1.8,331.6997,1.3,1.1477,0.0734,0.271,289,289,100,2.01521E+12,1.5
MCD15A2H,Lai_500m,A2010121,5/1/10,0.5,1.6,346.1996,1.1,1.1979,0.0672,0.2592,289,289,100,2.01521E+12,1.6
MCD15A2H,Lai_500m,A2010129,5/9/10,0.6,3.2,357.7996,2.6,1.2381,0.0843,0.2903,289,289,100,2.01521E+12,1.5
MCD15A2H,Lai_500m,A2010137,5/17/10,0.6,2.4,367.7997,1.8,1.2727,0.0647,0.2543,289,289,100,2.01521E+12,1.5
MCD15A2H,Lai_500m,A2010145,5/25/10,0.7,5.2,423.0998,4.5,1.464,0.1909,0.4369,289,289,100,2.01521E+12,1.7
MCD15A2H,Lai_500m,A2010153,6/2/10,0.8,2.7,473.8,1.9,1.6394,0.1373,0.3705,289,289,100,2.01521E+12,1.7
MCD15A2H,Lai_500m,A2010161,6/10/10,0.9,4,539.9003,3.1,1.8682,0.232,0.4817,289,289,100,2.01521E+12,1.9
MCD15A2H,Lai_500m,A2010169,6/18/10,1,4.2,549.2002,3.2,1.9003,0.2484,0.4984,289,289,100,2.01521E+12,2.2
MCD15A2H,Lai_500m,A2010177,6/26/10,0.6,3.5,467.1999,2.9,1.6222,0.2621,0.512,289,288,99.65,2.01521E+12,2.2
MCD15A2H,Lai_500m,A2010185,7/4/10,0.9,6.4,571.9,5.5,1.9789,0.5624,0.75,289,289,100,2.01521E+12,1.9
MCD15A2H,Lai_500m,A2010193,7/12/10,0.2,3.4,518.2999,3.2,1.8379,0.4124,0.6422,289,282,97.58,2.01521E+12,1.9
MCD15A2H,Lai_500m,A2010201,7/20/10,0.1,4.1,330.3001,4,1.382,0.4544,0.6741,289,239,82.7,2.01521E+12,1.5
MCD15A2H,Lai_500m,A2010209,7/28/10,0.3,5.3,473.0001,5,1.7782,0.9397,0.9694,289,266,92.04,2.01521E+12,1.2
MCD15A2H,Lai_500m,A2010217,8/5/10,0.5,5.9,638.2,5.4,2.2083,0.5689,0.7542,289,289,100,2.01521E+12,2.3
MCD15A2H,Lai_500m,A2010225,8/13/10,1.1,6.6,780.9,5.5,2.7021,1.1738,1.0834,289,289,100,2.01521E+12,2.8
MCD15A2H,Lai_500m,A2010233,8/21/10,1,3.8,631.7001,2.8,2.1858,0.3154,0.5616,289,289,100,2.01521E+12,2.9
MCD15A2H,Lai_500m,A2010241,8/29/10,0.9,6.2,731.0003,5.3,2.5294,0.8388,0.9159,289,289,100,2.01521E+12,2.2
MCD15A2H,Lai_500m,A2010249,9/6/10,1.1,5.5,621.1,4.4,2.1491,0.4311,0.6566,289,289,100,2.01521E+12,2.7
MCD15A2H,Lai_500m,A2010257,9/14/10,1,4.4,564.6998,3.4,1.954,0.4399,0.6632,289,289,100,2.01521E+12,2.1
MCD15A2H,Lai_500m,A2010265,9/22/10,0.7,5.2,611.5003,4.5,2.1159,0.6148,0.7841,289,289,100,2.01521E+12,2.5
MCD15A2H,Lai_500m,A2010273,9/30/10,0.8,4,528.4,3.2,1.8284,0.3427,0.5854,289,289,100,2.01521E+12,1.5
MCD15A2H,Lai_500m,A2010281,10/8/10,0.8,3.3,518.7,2.5,1.7948,0.2936,0.5419,289,289,100,2.01521E+12,2.3
MCD15A2H,Lai_500m,A2010289,10/16/10,0.6,2.9,377.8,2.3,1.3073,0.1839,0.4289,289,289,100,2.01521E+12,1.4
MCD15A2H,Lai_500m,A2010297,10/24/10,0.5,2.4,351.4997,1.9,1.2163,0.1308,0.3617,289,289,100,2.01521E+12,2.4
MCD15A2H,Lai_500m,A2010305,11/1/10,0.6,2.1,358.7998,1.5,1.2415,0.1329,0.3646,289,289,100,2.01521E+12,1.4
MCD15A2H,Lai_500m,A2010313,11/9/10,0.5,2.2,344.6999,1.7,1.1927,0.1359,0.3686,289,289,100,2.01521E+12,1.4
MCD15A2H,Lai_500m,A2010321,11/17/10,0.5,3.2,346.8,2.7,1.2,0.1532,0.3914,289,289,100,2.01521E+12,1.3
MCD15A2H,Lai_500m,A2010329,11/25/10,0.5,2.3,339.9003,1.8,1.1761,0.1592,0.399,289,289,100,2.01521E+12,1.2
MCD15A2H,Lai_500m,A2010337,12/3/10,0.4,2.1,321.7,1.7,1.1131,0.1073,0.3276,289,289,100,2.01521E+12,1.4
MCD15A2H,Lai_500m,A2010345,12/11/10,0.6,2.2,345.0999,1.6,1.1941,0.1481,0.3848,289,289,100,2.01521E+12,1.3
MCD15A2H,Lai_500m,A2010353,12/19/10,0.1,2.3,224.1,2.2,0.8893,0.1826,0.4273,289,252,87.2,2.01521E+12,0.7
MCD15A2H,Lai_500m,A2010361,12/27/10,0.1,3.5,144.6001,3.4,0.5807,0.1397,0.3738,289,249,86.16,2.01522E+12,0.5
MCD15A2H,Lai_500m,A2011001,1/1/11,0.1,1.5,196,1.4,0.7232,0.1078,0.3283,289,271,93.77,2.01522E+12,0.6
MCD15A2H,Lai_500m,A2011009,1/9/11,0.1,2.1,229.9999,2,0.8303,0.1731,0.416,289,277,95.85,2.01522E+12,0.8
MCD15A2H,Lai_500m,A2011017,1/17/11,0.1,1.9,203.6,1.8,0.7144,0.0808,0.2843,289,285,98.62,2.01522E+12,0.8
MCD15A2H,Lai_500m,A2011025,1/25/11,0.1,1.8,221,1.7,0.7978,0.1077,0.3282,289,277,95.85,2.01522E+12,0.7
MCD15A2H,Lai_500m,A2011033,2/2/11,0.1,2.1,176.9001,2,0.7162,0.1234,0.3513,289,247,85.47,2.01522E+12,F
MCD15A2H,Lai_500m,A2011041,2/10/11,0.1,2.1,245.1001,2,0.8754,0.1324,0.3639,289,280,96.89,2.01522E+12,0.6
MCD15A2H,Lai_500m,A2011049,2/18/11,0.1,2.8,256.5,2.7,0.8906,0.1302,0.3609,289,288,99.65,2.01522E+12,1.3
MCD15A2H,Lai_500m,A2011057,2/26/11,0.2,1.7,278.6,1.5,0.9707,0.0879,0.2964,289,287,99.31,2.01522E+12,1.2
MCD15A2H,Lai_500m,A2011065,3/6/11,0.2,1.5,281.9001,1.3,0.9754,0.0883,0.2971,289,289,100,2.01522E+12,1.3
MCD15A2H,Lai_500m,A2011073,3/14/11,0.3,1.6,305.9998,1.3,1.0588,0.0772,0.2778,289,289,100,2.01522E+12,1.3
MCD15A2H,Lai_500m,A2011081,3/22/11,0.4,1.8,334.2997,1.4,1.1567,0.0837,0.2893,289,289,100,2.01522E+12,1.4
MCD15A2H,Lai_500m,A2011089,3/30/11,0.6,2,333.2998,1.4,1.1533,0.0889,0.2981,289,289,100,2.01522E+12,1.2
MCD15A2H,Lai_500m,A2011097,4/7/11,0.4,2.9,357.5,2.5,1.237,0.1514,0.3891,289,289,100,2.01522E+12,1.3
MCD15A2H,Lai_500m,A2011105,4/15/11,0.6,2.4,352.4999,1.8,1.2197,0.0701,0.2648,289,289,100,2.01522E+12,1.4
MCD15A2H,Lai_500m,A2011113,4/23/11,0.5,1.7,344.5997,1.2,1.1924,0.0724,0.2691,289,289,100,2.01522E+12,1.4
MCD15A2H,Lai_500m,A2011121,5/1/11,0.7,1.6,340.8996,0.9,1.1796,0.0469,0.2165,289,289,100,2.01522E+12,1.3
MCD15A2H,Lai_500m,A2011129,5/9/11,0.7,5.5,366.4998,4.8,1.2682,0.1472,0.3836,289,289,100,2.01522E+12,1.2
MCD15A2H,Lai_500m,A2011137,5/17/11,0.6,3.5,369.3998,2.9,1.2871,0.1524,0.3904,289,287,99.31,2.01522E+12,1.5
MCD15A2H,Lai_500m,A2011145,5/25/11,0.7,2.3,398.4,1.6,1.3785,0.0896,0.2993,289,289,100,2.01522E+12,1.4
MCD15A2H,Lai_500m,A2011153,6/2/11,0.8,2.5,451.7001,1.7,1.563,0.1321,0.3634,289,289,100,2.01522E+12,1.8
MCD15A2H,Lai_500m,A2011161,6/10/11,0.7,4.3,447.3997,3.6,1.5481,0.1563,0.3954,289,289,100,2.01522E+12,1.4
MCD15A2H,Lai_500m,A2011169,6/18/11,0.7,2.5,443.9,1.8,1.536,0.1332,0.365,289,289,100,2.01522E+12,1.6
MCD15A2H,Lai_500m,A2011177,6/26/11,0.7,4,486.1999,3.3,1.6824,0.3733,0.611,289,289,100,2.01522E+12,1.3
MCD15A2H,Lai_500m,A2011185,7/4/11,0.3,3.2,435.5998,2.9,1.5392,0.2275,0.4769,289,283,97.92,2.01522E+12,1.3
MCD15A2H,Lai_500m,A2011193,7/12/11,0.7,3.6,456.4,2.9,1.5792,0.2159,0.4647,289,289,100,2.01522E+12,1.2
MCD15A2H,Lai_500m,A2011201,7/20/11,0.1,4.2,199.6999,4.1,1.0035,0.3054,0.5526,289,199,68.86,2.01522E+12,F
MCD15A2H,Lai_500m,A2011209,7/28/11,0.2,3.4,325.3002,3.2,1.2229,0.3672,0.606,289,266,92.04,2.01522E+12,0.6
MCD15A2H,Lai_500m,A2011217,8/5/11,0.9,3.3,507.7999,2.4,1.7571,0.2145,0.4631,289,289,100,2.01522E+12,1.9
MCD15A2H,Lai_500m,A2011225,8/13/11,0.1,3.4,332.3999,3.3,1.2357,0.2588,0.5087,289,269,93.08,2.01522E+12,0.9
MCD15A2H,Lai_500m,A2011233,8/21/11,0.3,4.1,490.3,3.8,1.7637,0.4617,0.6795,289,278,96.19,2.01522E+12,2.3
MCD15A2H,Lai_500m,A2011241,8/29/11,0.9,5.4,523.8001,4.5,1.8125,0.4744,0.6888,289,289,100,2.01522E+12,1.7
MCD15A2H,Lai_500m,A2011249,9/6/11,0.3,5.5,437.6,5.2,1.6268,0.454,0.6738,289,269,93.08,2.01522E+12,2.4
MCD15A2H,Lai_500m,A2011257,9/14/11,0.6,5.5,589.3998,4.9,2.0394,0.5142,0.7171,289,289,100,2.01522E+12,2.6
MCD15A2H,Lai_500m,A2011265,9/22/11,0.8,6.3,541.2,5.5,1.8727,0.5774,0.7599,289,289,100,2.01522E+12,1.6
MCD15A2H,Lai_500m,A2011273,9/30/11,0.5,3.6,430.4001,3.1,1.4893,0.2601,0.51,289,289,100,2.01522E+12,1.5
MCD15A2H,Lai_500m,A2011281,10/8/11,0.6,2.8,450.2001,2.2,1.5578,0.2318,0.4814,289,289,100,2.01522E+12,1.5
MCD15A2H,Lai_500m,A2011289,10/16/11,0.6,1.8,318.5999,1.2,1.1024,0.0703,0.2652,289,289,100,2.01522E+12,1.7
MCD15A2H,Lai_500m,A2011297,10/24/11,0.4,1.8,318.8,1.4,1.1031,0.1,0.3162,289,289,100,2.01523E+12,1.5
MCD15A2H,Lai_500m,A2011305,11/1/11,0.5,2.3,298.8,1.8,1.0339,0.0822,0.2867,289,289,100,2.01523E+12,1.2
MCD15A2H,Lai_500m,A2011313,11/9/11,0.3,2,290.1001,1.7,1.0038,0.1085,0.3294,289,289,100,2.01523E+12,1.5
MCD15A2H,Lai_500m,A2011321,11/17/11,0.3,2.3,307.4001,2,1.0637,0.1032,0.3213,289,289,100,2.01523E+12,1.2
MCD15A2H,Lai_500m,A2011329,11/25/11,0.4,1.9,312.1002,1.5,1.0799,0.1323,0.3637,289,289,100,2.01523E+12,1.2
MCD15A2H,Lai_500m,A2011337,12/3/11,0.1,2.6,167.2001,2.5,0.6102,0.0995,0.3154,289,274,94.81,2.01523E+12,0.6
MCD15A2H,Lai_500m,A2011345,12/11/11,0.1,1.6,162.0001,1.5,0.6207,0.0577,0.2403,289,261,90.31,2.01523E+12,0.1
MCD15A2H,Lai_500m,A2011353,12/19/11,0.1,5.3,180.0999,5.2,0.6981,0.2679,0.5176,289,258,89.27,2.01523E+12,0.6
MCD15A2H,Lai_500m,A2011361,12/27/11,0.1,1.8,209.9,1.7,0.7774,0.0995,0.3154,289,270,93.43,2.01523E+12,F
MCD15A2H,Lai_500m,A2012001,1/1/12,0.2,2.5,231,2.3,0.7993,0.0909,0.3014,289,289,100,2.01523E+12,0.7
MCD15A2H,Lai_500m,A2012009,1/9/12,0.1,2.1,250.4002,2,0.8755,0.1439,0.3794,289,286,98.96,2.01524E+12,0.9
MCD15A2H,Lai_500m,A2012017,1/17/12,0.1,1.9,185.8999,1.8,0.6639,0.086,0.2933,289,280,96.89,2.01524E+12,0.5
MCD15A2H,Lai_500m,A2012025,1/25/12,0.1,4,235.4,3.9,0.8174,0.1473,0.3838,289,288,99.65,2.01524E+12,0.6
MCD15A2H,Lai_500m,A2012033,2/2/12,0.1,1.4,172.9,1.3,0.6916,0.1012,0.3182,289,250,86.51,2.01524E+12,0.6
MCD15A2H,Lai_500m,A2012041,2/10/12,0.1,1.8,135.1,1.7,0.6928,0.1149,0.339,289,195,67.47,2.01524E+12,F
MCD15A2H,Lai_500m,A2012049,2/18/12,0.2,1.7,207.5998,1.5,0.7604,0.0871,0.2951,289,273,94.46,2.01524E+12,0.9
MCD15A2H,Lai_500m,A2012057,2/26/12,0.2,1.8,198.9,1.6,0.7207,0.0695,0.2637,289,276,95.5,2.01524E+12,0.6
MCD15A2H,Lai_500m,A2012065,3/5/12,0.2,1.4,217.3999,1.2,0.7792,0.0508,0.2254,289,279,96.54,2.01524E+12,0.7
MCD15A2H,Lai_500m,A2012073,3/13/12,0.3,2.8,259.4,2.5,0.9007,0.0965,0.3107,289,288,99.65,2.01524E+12,1
MCD15A2H,Lai_500m,A2012081,3/21/12,0.5,1.6,291.3,1.1,1.008,0.0632,0.2514,289,289,100,2.01524E+12,1.2
MCD15A2H,Lai_500m,A2012089,3/29/12,0.5,1.6,312.4002,1.1,1.081,0.0819,0.2862,289,289,100,2.01525E+12,1.3
MCD15A2H,Lai_500m,A2012097,4/6/12,0.5,1.6,315.3997,1.1,1.0913,0.0695,0.2636,289,289,100,2.01525E+12,1.2
MCD15A2H,Lai_500m,A2012105,4/14/12,0.6,1.9,331.2998,1.3,1.1464,0.0582,0.2412,289,289,100,2.01524E+12,1.2
MCD15A2H,Lai_500m,A2012113,4/22/12,0.6,2.5,331.0999,1.9,1.1457,0.1017,0.3188,289,289,100,2.01524E+12,1.4
MCD15A2H,Lai_500m,A2012121,4/30/12,0.7,3.1,359.2995,2.4,1.2433,0.079,0.2811,289,289,100,2.01524E+12,1.4
MCD15A2H,Lai_500m,A2012129,5/8/12,0.3,3.2,366.6001,2.9,1.2685,0.1619,0.4023,289,289,100,2.01525E+12,1.7
MCD15A2H,Lai_500m,A2012137,5/16/12,0.7,2.5,412.3998,1.8,1.427,0.0962,0.3101,289,289,100,2.01525E+12,1.6
MCD15A2H,Lai_500m,A2012145,5/24/12,0.9,2.5,448.7999,1.6,1.5529,0.1167,0.3417,289,289,100,2.01525E+12,1.7
MCD15A2H,Lai_500m,A2012153,6/1/12,0.7,4,437.8998,3.3,1.5152,0.1746,0.4179,289,289,100,2.01525E+12,1.6
MCD15A2H,Lai_500m,A2012161,6/9/12,0.8,3.1,461,2.3,1.5952,0.1487,0.3856,289,289,100,2.01525E+12,1.8
MCD15A2H,Lai_500m,A2012169,6/17/12,0.7,2.3,431.2997,1.6,1.4924,0.1041,0.3226,289,289,100,2.01525E+12,1.5
MCD15A2H,Lai_500m,A2012177,6/25/12,0.7,2.4,418.4001,1.7,1.4478,0.0942,0.3069,289,289,100,2.01525E+12,1.3
MCD15A2H,Lai_500m,A2012185,7/3/12,0.3,4,339.5,3.7,1.2621,0.2506,0.5006,289,269,93.08,2.01525E+12,1.3
MCD15A2H,Lai_500m,A2012193,7/11/12,0.2,4.4,372.1999,4.2,1.3734,0.2958,0.5438,289,271,93.77,2.01525E+12,1.6
MCD15A2H,Lai_500m,A2012201,7/19/12,0.6,4.7,479.9,4.1,1.6606,0.2111,0.4595,289,289,100,2.01525E+12,2
MCD15A2H,Lai_500m,A2012209,7/27/12,1,4.8,548.2999,3.8,1.8972,0.2893,0.5378,289,289,100,2.01525E+12,2.4
MCD15A2H,Lai_500m,A2012217,8/4/12,0.8,4.8,501.3,4,1.7346,0.2702,0.5198,289,289,100,2.01525E+12,2.4
MCD15A2H,Lai_500m,A2012225,8/12/12,0.7,5.1,550.9001,4.4,1.9062,0.2741,0.5236,289,289,100,2.01525E+12,1.9
MCD15A2H,Lai_500m,A2012233,8/20/12,0.1,6,324.0998,5.9,1.3069,0.718,0.8473,289,248,85.81,2.01525E+12,0.3
MCD15A2H,Lai_500m,A2012241,8/28/12,0.9,3.7,533.6998,2.8,1.8467,0.2506,0.5006,289,289,100,2.01525E+12,0.9
MCD15A2H,Lai_500m,A2012249,9/5/12,0.5,3.3,458.0999,2.8,1.5851,0.2091,0.4573,289,289,100,2.01525E+12,2.4
MCD15A2H,Lai_500m,A2012257,9/13/12,0.7,2.7,435.7003,2,1.5076,0.1575,0.3968,289,289,100,2.01525E+12,2
MCD15A2H,Lai_500m,A2012265,9/21/12,0.7,3.2,417.7,2.5,1.4453,0.1547,0.3934,289,289,100,2.01525E+12,1.6
MCD15A2H,Lai_500m,A2012273,9/29/12,0.6,3.6,387.8998,3,1.3422,0.1424,0.3773,289,289,100,2.01525E+12,1.6
MCD15A2H,Lai_500m,A2012281,10/7/12,0.5,2.6,330.5,2.1,1.1436,0.0991,0.3148,289,289,100,2.01525E+12,1.3
MCD15A2H,Lai_500m,A2012289,10/15/12,0.5,1.6,302.8001,1.1,1.0478,0.0708,0.2661,289,289,100,2.01525E+12,1.2
MCD15A2H,Lai_500m,A2012297,10/23/12,0.4,1.5,284.6001,1.1,0.9848,0.0553,0.2352,289,289,100,2.01525E+12,1.2
MCD15A2H,Lai_500m,A2012305,10/31/12,0.5,1.4,276.5001,0.9,0.9567,0.0523,0.2287,289,289,100,2.01525E+12,1.1
MCD15A2H,Lai_500m,A2012313,11/8/12,0.3,1.4,255.0001,1.1,0.8824,0.061,0.2471,289,289,100,2.01525E+12,1.3
MCD15A2H,Lai_500m,A2012321,11/16/12,0.4,1.4,274.9,1,0.9512,0.0618,0.2486,289,289,100,2.01525E+12,1.2
MCD15A2H,Lai_500m,A2012329,11/24/12,0.3,1.4,286.7,1.1,0.992,0.0646,0.2542,289,289,100,2.01525E+12,1.2
MCD15A2H,Lai_500m,A2012337,12/2/12,0.4,2,271.0002,1.6,0.9377,0.0556,0.2357,289,289,100,2.01525E+12,1.1
MCD15A2H,Lai_500m,A2012345,12/10/12,0.5,1.5,278.0999,1,0.9623,0.0599,0.2448,289,289,100,2.01525E+12,1.2
MCD15A2H,Lai_500m,A2012353,12/18/12,0.1,1.5,154,1.4,0.616,0.0996,0.3156,289,250,86.51,2.01525E+12,F
MCD15A2H,Lai_500m,A2012361,12/26/12,0.1,4.8,103.1,4.7,0.6609,0.3501,0.5917,289,156,53.98,2.01525E+12,F
MCD15A2H,Lai_500m,A2013001,1/1/13,0.1,4.8,187.2001,4.7,0.7228,0.2228,0.472,289,259,89.62,2.01525E+12,0.6
MCD15A2H,Lai_500m,A2013009,1/9/13,0.1,1.8,167.0001,1.7,0.6117,0.1148,0.3388,289,273,94.46,2.01525E+12,0.8
MCD15A2H,Lai_500m,A2013017,1/17/13,0.1,1.2,193.0999,1.1,0.7047,0.0659,0.2568,289,274,94.81,2.01525E+12,0.6
MCD15A2H,Lai_500m,A2013025,1/25/13,0.1,1.4,113.8,1.3,0.5927,0.0829,0.2879,289,192,66.44,2.01525E+12,0.6
MCD15A2H,Lai_500m,A2013033,2/2/13,0.1,1.4,202.2,1.3,0.7247,0.0781,0.2794,289,279,96.54,2.01526E+12,0.6
MCD15A2H,Lai_500m,A2013041,2/10/13,0.1,1.7,212.7,1.6,0.7596,0.1012,0.3181,289,280,96.89,2.01526E+12,0.9
MCD15A2H,Lai_500m,A2013049,2/18/13,0.1,1.4,185.8,1.3,0.7038,0.0886,0.2977,289,264,91.35,2.01526E+12,0.7
MCD15A2H,Lai_500m,A2013057,2/26/13,0.1,1.3,197.8001,1.2,0.6965,0.0577,0.2401,289,284,98.27,2.01526E+12,0.8
MCD15A2H,Lai_500m,A2013065,3/6/13,0.2,1.4,230.2999,1.2,0.8196,0.0589,0.2428,289,281,97.23,2.01526E+12,1
MCD15A2H,Lai_500m,A2013073,3/14/13,0.3,1.4,264.7999,1.1,0.9163,0.0622,0.2494,289,289,100,2.01526E+12,0.9
MCD15A2H,Lai_500m,A2013081,3/22/13,0.3,1.7,278.3,1.4,0.963,0.0583,0.2415,289,289,100,2.01526E+12,1.2
MCD15A2H,Lai_500m,A2013089,3/30/13,0.3,2.4,300.1,2.1,1.0384,0.0811,0.2848,289,289,100,2.01526E+12,1.3
MCD15A2H,Lai_500m,A2013097,4/7/13,0.3,2.2,277.7999,1.9,0.9612,0.0712,0.2669,289,289,100,2.01526E+12,1.3
MCD15A2H,Lai_500m,A2013105,4/15/13,0.5,2.3,312.2,1.8,1.0803,0.076,0.2756,289,289,100,2.01526E+12,1.1
MCD15A2H,Lai_500m,A2013113,4/23/13,0.5,1.5,310.9999,1,1.0761,0.06,0.245,289,289,100,2.01526E+12,1.4
MCD15A2H,Lai_500m,A2013121,5/1/13,0.5,3.1,317.0998,2.6,1.0972,0.0778,0.2789,289,289,100,2.01526E+12,1.1
MCD15A2H,Lai_500m,A2013129,5/9/13,0.2,2,275.2001,1.8,0.9522,0.1024,0.3199,289,289,100,2.01526E+12,1
MCD15A2H,Lai_500m,A2013137,5/17/13,0.6,1.9,323.1001,1.3,1.118,0.0469,0.2167,289,289,100,2.01526E+12,1.3
MCD15A2H,Lai_500m,A2013145,5/25/13,0.6,2.5,353.5,1.9,1.2232,0.0686,0.2618,289,289,100,2.01526E+12,1.4
MCD15A2H,Lai_500m,A2013153,6/2/13,0.3,2.3,348.7,2,1.2066,0.1241,0.3522,289,289,100,2.01526E+12,1.4
MCD15A2H,Lai_500m,A2013161,6/10/13,0.3,2.7,368.5,2.4,1.2751,0.1424,0.3774,289,289,100,2.01526E+12,1.2
MCD15A2H,Lai_500m,A2013169,6/18/13,0.3,2.7,344.8002,2.4,1.1931,0.1507,0.3882,289,289,100,2.01526E+12,1.1
MCD15A2H,Lai_500m,A2013177,6/26/13,0.1,3.1,336.8999,3,1.1657,0.1775,0.4213,289,289,100,2.01526E+12,1.4
MCD15A2H,Lai_500m,A2013185,7/4/13,0.3,2.9,347.6998,2.6,1.22,0.2053,0.4531,289,285,98.62,2.01526E+12,1.1
MCD15A2H,Lai_500m,A2013193,7/12/13,0.1,5.4,289.6,5.3,1.0417,0.4559,0.6752,289,278,96.19,2.01526E+12,0.6
MCD15A2H,Lai_500m,A2013201,7/20/13,0.3,4.1,387.2001,3.8,1.3538,0.2663,0.5161,289,286,98.96,2.01527E+12,1.9
MCD15A2H,Lai_500m,A2013209,7/28/13,0.3,2.9,361.4998,2.6,1.2684,0.2087,0.4568,289,285,98.62,2.01527E+12,1.1
MCD15A2H,Lai_500m,A2013217,8/5/13,0.3,2.7,378.2999,2.4,1.3135,0.1937,0.4401,289,288,99.65,2.01527E+12,1.1
MCD15A2H,Lai_500m,A2013225,8/13/13,0.2,3.3,326.7,3.1,1.1304,0.2892,0.5378,289,289,100,2.01527E+12,1.2
MCD15A2H,Lai_500m,A2013233,8/21/13,0.4,6.5,453.1998,6.1,1.5682,0.7176,0.8471,289,289,100,2.01527E+12,4.9
MCD15A2H,Lai_500m,A2013241,8/29/13,0.2,3.4,440.1997,3.2,1.5232,0.3349,0.5787,289,289,100,2.01527E+12,1.2
MCD15A2H,Lai_500m,A2013249,9/6/13,0.2,3.7,402.8998,3.5,1.4087,0.3004,0.5481,289,286,98.96,2.01527E+12,1.8
MCD15A2H,Lai_500m,A2013257,9/14/13,0.3,3.4,416.3001,3.1,1.4405,0.3395,0.5827,289,289,100,2.01527E+12,1.4
MCD15A2H,Lai_500m,A2013265,9/22/13,0.3,2.3,400.0999,2,1.3844,0.2143,0.463,289,289,100,2.01527E+12,1.4
MCD15A2H,Lai_500m,A2013273,9/30/13,0.5,2.4,366.3,1.9,1.2675,0.1774,0.4212,289,289,100,2.01527E+12,1.3
MCD15A2H,Lai_500m,A2013281,10/8/13,0.3,2.6,324.1,2.3,1.1215,0.1321,0.3635,289,289,100,2.01527E+12,1.3
MCD15A2H,Lai_500m,A2013289,10/16/13,0.3,1.7,308.5998,1.4,1.0678,0.0895,0.2992,289,289,100,2.01527E+12,1.4
MCD15A2H,Lai_500m,A2013297,10/24/13,0.3,2.3,261.7,2,0.9055,0.1216,0.3488,289,289,100,2.01527E+12,1.2
MCD15A2H,Lai_500m,A2013305,11/1/13,0.2,2,250.1,1.8,0.8654,0.1059,0.3255,289,289,100,2.01527E+12,0.9
MCD15A2H,Lai_500m,A2013313,11/9/13,0.3,1.6,249.4,1.3,0.863,0.0869,0.2948,289,289,100,2.01527E+12,0.9
MCD15A2H,Lai_500m,A2013321,11/17/13,0.1,1.2,168.4,1.1,0.5847,0.0718,0.268,289,288,99.65,2.01527E+12,0.7
MCD15A2H,Lai_500m,A2013329,11/25/13,0.1,1.8,206.0003,1.7,0.7178,0.1116,0.334,289,287,99.31,2.01527E+12,0.9
MCD15A2H,Lai_500m,A2013337,12/3/13,0.1,3.2,233.7,3.1,0.8143,0.2778,0.5271,289,287,99.31,2.01527E+12,0.9
MCD15A2H,Lai_500m,A2013345,12/11/13,0.1,2.3,237.6001,2.2,0.8221,0.1261,0.3551,289,289,100,2.01527E+12,1.3
MCD15A2H,Lai_500m,A2013353,12/19/13,0.2,2.3,260.7,2.1,0.9021,0.1927,0.439,289,289,100,2.01527E+12,1.1
MCD15A2H,Lai_500m,A2013361,12/27/13,0.2,3,243.1001,2.8,0.8412,0.1368,0.3699,289,289,100,2.01527E+12,1
MCD15A2H,Lai_500m,A2014001,1/1/14,0.2,1.6,232.0002,1.4,0.8028,0.0951,0.3085,289,289,100,2.01527E+12,0.9
MCD15A2H,Lai_500m,A2014009,1/9/14,0.1,1.8,233.1001,1.7,0.8066,0.1145,0.3384,289,289,100,2.01527E+12,0.9
MCD15A2H,Lai_500m,A2014017,1/17/14,0.2,1.8,231.8001,1.6,0.8021,0.1048,0.3238,289,289,100,2.01527E+12,1
MCD15A2H,Lai_500m,A2014025,1/25/14,0.3,1.6,224.5001,1.3,0.7768,0.0813,0.2851,289,289,100,2.01527E+12,0.9
MCD15A2H,Lai_500m,A2014033,2/2/14,0.1,1.3,211.8002,1.2,0.7406,0.0921,0.3035,289,286,98.96,2.01528E+12,0.9
MCD15A2H,Lai_500m,A2014041,2/10/14,0.2,2.7,223.0003,2.5,0.7716,0.1006,0.3173,289,289,100,2.01528E+12,0.9
MCD15A2H,Lai_500m,A2014049,2/18/14,0.3,1.6,232.7002,1.3,0.8052,0.0922,0.3036,289,289,100,2.01528E+12,1
MCD15A2H,Lai_500m,A2014057,2/26/14,0.1,2,193.7999,1.9,0.6706,0.1215,0.3486,289,289,100,2.01528E+12,2
MCD15A2H,Lai_500m,A2014065,3/6/14,0.2,1.4,251.6999,1.2,0.8709,0.0941,0.3068,289,289,100,2.01528E+12,1
MCD15A2H,Lai_500m,A2014073,3/14/14,0.2,1.5,250.5999,1.3,0.8671,0.0958,0.3096,289,289,100,2.01528E+12,1
MCD15A2H,Lai_500m,A2014081,3/22/14,0.2,1.6,260.5999,1.4,0.9017,0.0958,0.3095,289,289,100,2.01528E+12,1.3
MCD15A2H,Lai_500m,A2014089,3/30/14,0.3,1.7,259.2,1.4,0.8969,0.082,0.2863,289,289,100,2.01528E+12,0.9
MCD15A2H,Lai_500m,A2014097,4/7/14,0.3,1.5,277.5001,1.2,0.9602,0.0729,0.27,289,289,100,2.01528E+12,1.1
MCD15A2H,Lai_500m,A2014105,4/15/14,0.3,1.8,279.3997,1.5,0.9668,0.0826,0.2875,289,289,100,2.01528E+12,0.9
MCD15A2H,Lai_500m,A2014113,4/23/14,0.1,2.3,213.9,2.2,0.8388,0.0981,0.3131,289,255,88.24,2.01528E+12,0.7
MCD15A2H,Lai_500m,A2014121,5/1/14,0.3,1.7,286.6999,1.4,0.992,0.0797,0.2823,289,289,100,2.01528E+12,1
MCD15A2H,Lai_500m,A2014129,5/9/14,0.4,1.5,288.5,1.1,0.9983,0.0595,0.2439,289,289,100,2.01528E+12,1.2
MCD15A2H,Lai_500m,A2014137,5/17/14,0.3,2.6,291.6998,2.3,1.0093,0.1131,0.3363,289,289,100,2.01528E+12,0.9
MCD15A2H,Lai_500m,A2014145,5/25/14,0.4,2.7,319.6001,2.3,1.1059,0.0787,0.2805,289,289,100,2.01529E+12,1.1
MCD15A2H,Lai_500m,A2014153,6/2/14,0.7,2.9,367.1,2.2,1.2702,0.1202,0.3467,289,289,100,2.01529E+12,1.3
MCD15A2H,Lai_500m,A2014161,6/10/14,0.6,2.5,378.5002,1.9,1.3097,0.0901,0.3002,289,289,100,2.01529E+12,1.3
MCD15A2H,Lai_500m,A2014169,6/18/14,0.7,2.3,375,1.6,1.2976,0.0876,0.296,289,289,100,2.01529E+12,1
MCD15A2H,Lai_500m,A2014177,6/26/14,0.7,3.6,404.3999,2.9,1.3993,0.1625,0.4031,289,289,100,2.01529E+12,1.3
MCD15A2H,Lai_500m,A2014185,7/4/14,0.3,2.5,365.3999,2.2,1.2687,0.1992,0.4463,289,288,99.65,2.01529E+12,1.7
MCD15A2H,Lai_500m,A2014193,7/12/14,0.3,5.5,399.1,5.2,1.4053,0.2513,0.5013,289,284,98.27,2.01529E+12,0.5
MCD15A2H,Lai_500m,A2014201,7/20/14,0.5,6.6,431,6.1,1.4913,0.5595,0.748,289,289,100,2.01529E+12,1.6
MCD15A2H,Lai_500m,A2014209,7/28/14,0.3,5.1,367.2,4.8,1.3857,0.4668,0.6832,289,265,91.7,2.01529E+12,2.2
MCD15A2H,Lai_500m,A2014217,8/5/14,0.3,2.8,446.9001,2.5,1.5681,0.2073,0.4553,289,285,98.62,2.01529E+12,1.7
MCD15A2H,Lai_500m,A2014225,8/13/14,0.2,6.2,401.6,6,1.4091,0.5438,0.7375,289,285,98.62,2.01529E+12,1
MCD15A2H,Lai_500m,A2014233,8/21/14,0.5,3.6,424.0001,3.1,1.4671,0.2847,0.5336,289,289,100,2.01529E+12,1.5
MCD15A2H,Lai_500m,A2014241,8/29/14,0.8,2.8,474.5001,2,1.6419,0.2008,0.4481,289,289,100,2.01529E+12,2.8
MCD15A2H,Lai_500m,A2014249,9/6/14,0.5,2.7,443.9001,2.2,1.536,0.23,0.4796,289,289,100,2.01529E+12,1.9
MCD15A2H,Lai_500m,A2014257,9/14/14,0.5,2.7,377.3001,2.2,1.3055,0.1505,0.3879,289,289,100,2.01529E+12,1.5
MCD15A2H,Lai_500m,A2014265,9/22/14,0.1,4,278.9001,3.9,0.9925,0.3812,0.6174,289,281,97.23,2.01529E+12,1.2
MCD15A2H,Lai_500m,A2014273,9/30/14,0.5,2.1,342.2,1.6,1.1841,0.0989,0.3145,289,289,100,2.01529E+12,2.1
MCD15A2H,Lai_500m,A2014281,10/8/14,0.4,2.3,309.7999,1.9,1.072,0.1094,0.3307,289,289,100,2.01529E+12,1.1
MCD15A2H,Lai_500m,A2014289,10/16/14,0.3,2,266.5001,1.7,0.9221,0.1064,0.3262,289,289,100,2.01529E+12,1.3
MCD15A2H,Lai_500m,A2014297,10/24/14,0.3,1.7,257.9001,1.4,0.8924,0.0938,0.3062,289,289,100,2.01529E+12,1.4
MCD15A2H,Lai_500m,A2014305,11/1/14,0.3,1.6,241.5,1.3,0.8356,0.102,0.3194,289,289,100,2.01529E+12,1.2
MCD15A2H,Lai_500m,A2014313,11/9/14,0.3,1.4,222.3002,1.1,0.7692,0.081,0.2845,289,289,100,2.01529E+12,1
MCD15A2H,Lai_500m,A2014321,11/17/14,0.2,1.7,220.0002,1.5,0.7612,0.0891,0.2985,289,289,100,2.01529E+12,1.2
MCD15A2H,Lai_500m,A2014329,11/25/14,0.3,1.4,234.6001,1.1,0.8118,0.0904,0.3006,289,289,100,2.01529E+12,1
MCD15A2H,Lai_500m,A2014337,12/3/14,0.1,1.5,217.1002,1.4,0.7512,0.1113,0.3336,289,289,100,2.01529E+12,1
MCD15A2H,Lai_500m,A2014345,12/11/14,0.1,1.5,181.4,1.4,0.6299,0.1139,0.3375,289,288,99.65,2.01529E+12,0.4
MCD15A2H,Lai_500m,A2014353,12/19/14,0.1,1.8,136.9,1.7,0.5752,0.1216,0.3487,289,238,82.35,2.01529E+12,0.4
MCD15A2H,Lai_500m,A2014361,12/27/14,0.1,3.8,178.8001,3.7,0.6722,0.1913,0.4374,289,266,92.04,2.0153E+12,0.7
MCD15A2H,Lai_500m,A2015001,1/1/15,0.1,2,186.5001,1.9,0.6807,0.1015,0.3186,289,274,94.81,2.0153E+12,0.7
MCD15A2H,Lai_500m,A2015009,1/9/15,0.1,1.4,184.1001,1.3,0.6695,0.0955,0.309,289,275,95.16,2.0153E+12,0.8
MCD15A2H,Lai_500m,A2015017,1/17/15,0.1,1.3,181,1.2,0.6307,0.0839,0.2896,289,287,99.31,2.0153E+12,0.8
MCD15A2H,Lai_500m,A2015025,1/25/15,0.1,1.4,181.2002,1.3,0.6314,0.0789,0.281,289,287,99.31,2.0153E+12,0.6
MCD15A2H,Lai_500m,A2015033,2/2/15,0.1,1.4,186.4002,1.3,0.6587,0.0856,0.2926,289,283,97.92,2.0153E+12,0.8
MCD15A2H,Lai_500m,A2015041,2/10/15,0.1,1.5,199.7002,1.4,0.691,0.0825,0.2872,289,289,100,2.0153E+12,0.9
MCD15A2H,Lai_500m,A2015049,2/18/15,0.2,1.6,208.8001,1.4,0.7225,0.1037,0.322,289,289,100,2.0153E+12,1.1
MCD15A2H,Lai_500m,A2015057,2/26/15,0.1,1.4,35.1,1.3,0.3441,0.0603,0.2456,289,102,35.29,2.0153E+12,F
MCD15A2H,Lai_500m,A2015065,3/6/15,0.1,1.1,111.3999,1,0.4622,0.0569,0.2385,289,241,83.39,2.0153E+12,0.3
MCD15A2H,Lai_500m,A2015073,3/14/15,0.1,1.7,214.4,1.6,0.7603,0.0988,0.3144,289,282,97.58,2.0153E+12,0.7
MCD15A2H,Lai_500m,A2015081,3/22/15,0.2,2.7,252.5999,2.5,0.8771,0.1132,0.3364,289,288,99.65,2.0153E+12,1.2
MCD15A2H,Lai_500m,A2015089,3/30/15,0.3,1.8,278,1.5,0.9619,0.1071,0.3273,289,289,100,2.0153E+12,0.9
MCD15A2H,Lai_500m,A2015097,4/7/15,0.3,1.6,279.0999,1.3,0.9657,0.0818,0.286,289,289,100,2.0153E+12,1.1
MCD15A2H,Lai_500m,A2015105,4/15/15,0.2,1.6,258.9999,1.4,0.8962,0.0845,0.2907,289,289,100,2.0153E+12,1
MCD15A2H,Lai_500m,A2015113,4/23/15,0.3,1.7,269,1.4,0.9308,0.0732,0.2706,289,289,100,2.0153E+12,0.9
MCD15A2H,Lai_500m,A2015121,5/1/15,0.4,1.5,267.8999,1.1,0.927,0.0643,0.2535,289,289,100,2.0153E+12,0.9
MCD15A2H,Lai_500m,A2015129,5/9/15,0.3,2.1,301.4001,1.8,1.0429,0.0933,0.3055,289,289,100,2.0153E+12,1.4
MCD15A2H,Lai_500m,A2015137,5/17/15,0.3,2.1,319.2001,1.8,1.1045,0.1111,0.3333,289,289,100,2.0153E+12,1.2
MCD15A2H,Lai_500m,A2015145,5/25/15,0.5,2.4,351.3,1.9,1.2156,0.1206,0.3472,289,289,100,2.0153E+12,1.1
MCD15A2H,Lai_500m,A2015153,6/2/15,0.7,3.5,399.7,2.8,1.383,0.1449,0.3806,289,289,100,2.0153E+12,1.8
MCD15A2H,Lai_500m,A2015161,6/10/15,0.7,3.1,415.0996,2.4,1.4363,0.1599,0.3999,289,289,100,2.0153E+12,1.6
MCD15A2H,Lai_500m,A2015169,6/18/15,0.8,3.1,479.7997,2.3,1.6602,0.1792,0.4233,289,289,100,2.0153E+12,2.2
MCD15A2H,Lai_500m,A2015177,6/26/15,0.3,3.5,454.6001,3.2,1.573,0.2966,0.5446,289,289,100,2.0153E+12,2.4
MCD15A2H,Lai_500m,A2015185,7/4/15,0.3,3.9,437.1,3.6,1.5667,0.3412,0.5841,289,279,96.54,2.0153E+12,2.1
MCD15A2H,Lai_500m,A2015193,7/12/15,0.5,5.1,531.6,4.6,1.8394,0.3646,0.6038,289,289,100,2.0153E+12,2.5
MCD15A2H,Lai_500m,A2015201,7/20/15,0.9,3.7,570.2999,2.8,1.9734,0.2671,0.5168,289,289,100,2.0153E+12,2.2
MCD15A2H,Lai_500m,A2015209,7/28/15,0.5,4.4,496.8002,3.9,1.719,0.3793,0.6158,289,289,100,2.0153E+12,2.3
MCD15A2H,Lai_500m,A2015217,8/5/15,0.9,4,515.9001,3.1,1.7851,0.2003,0.4475,289,289,100,2.0153E+12,1.8
MCD15A2H,Lai_500m,A2015225,8/13/15,1,4.3,513.0002,3.3,1.7751,0.1958,0.4425,289,289,100,2.01531E+12,2.1
MCD15A2H,Lai_500m,A2015233,8/21/15,0.6,4.6,486.4,4,1.683,0.2511,0.5011,289,289,100,2.01531E+12,2.5
MCD15A2H,Lai_500m,A2015241,8/29/15,0.2,3.8,415.7999,3.6,1.5573,0.3486,0.5904,289,267,92.39,2.01531E+12,F
MCD15A2H,Lai_500m,A2015249,9/6/15,0.8,3.3,482.3999,2.5,1.6692,0.242,0.4919,289,289,100,2.01531E+12,2.1
MCD15A2H,Lai_500m,A2015257,9/14/15,0.7,2.9,426.8,2.2,1.4768,0.1825,0.4272,289,289,100,2.01531E+12,1.5
MCD15A2H,Lai_500m,A2015265,9/22/15,0.6,2.9,380.4998,2.3,1.3166,0.1261,0.3551,289,289,100,2.01531E+12,1.5
MCD15A2H,Lai_500m,A2015273,9/30/15,0.3,2.5,306.5001,2.2,1.0754,0.2273,0.4767,289,285,98.62,2.01531E+12,1.5
MCD15A2H,Lai_500m,A2015281,10/8/15,0.6,2.1,337.9998,1.5,1.1695,0.0947,0.3078,289,289,100,2.01531E+12,1.5
MCD15A2H,Lai_500m,A2015289,10/16/15,0.1,1.7,256.3,1.6,0.8962,0.1097,0.3313,289,286,98.96,2.01532E+12,1.3
MCD15A2H,Lai_500m,A2015297,10/24/15,0.1,1.4,225.2001,1.3,0.7792,0.0749,0.2737,289,289,100,2.01532E+12,1
MCD15A2H,Lai_500m,A2015305,11/1/15,0.2,1.9,255.2999,1.7,0.8834,0.092,0.3034,289,289,100,2.01533E+12,1.1
MCD15A2H,Lai_500m,A2015313,11/9/15,0.3,1.7,245.4999,1.4,0.8524,0.0945,0.3074,289,288,99.65,2.01534E+12,1.5
MCD15A2H,Lai_500m,A2015321,11/17/15,0.1,2.2,226.9001,2.1,0.7878,0.1247,0.3531,289,288,99.65,2.01534E+12,1.8
MCD15A2H,Lai_500m,A2015329,11/25/15,0.1,1.6,226,1.5,0.7902,0.0989,0.3144,289,286,98.96,2.01534E+12,1
MCD15A2H,Lai_500m,A2015337,12/3/15,0.2,1.7,236.9,1.5,0.8197,0.1088,0.3298,289,289,100,2.01601E+12,1.2
MCD15A2H,Lai_500m,A2015345,12/11/15,0.1,1.4,95.1,1.3,0.4755,0.0861,0.2935,289,200,69.2,2.01601E+12,F
MCD15A2H,Lai_500m,A2015353,12/19/15,0.1,2,58.9,1.9,0.4207,0.0929,0.3048,289,140,48.44,2.01601E+12,F
MCD15A2H,Lai_500m,A2015361,12/27/15,0.1,3.1,75.5,3,0.4314,0.1264,0.3555,289,175,60.55,2.01601E+12,F
MCD15A2H,Lai_500m,A2016001,1/1/16,0.1,0.9,54.1,0.8,0.3631,0.0563,0.2373,289,149,51.56,2.01601E+12,F
MCD15A2H,Lai_500m,A2016009,1/9/16,0.1,1.8,83.1999,1.7,0.4782,0.1238,0.3518,289,174,60.21,2.01602E+12,F
MCD15A2H,Lai_500m,A2016017,1/17/16,0.1,1.3,93.7,1.2,0.442,0.079,0.2811,289,212,73.36,2.01603E+12,0.3
MCD15A2H,Lai_500m,A2016025,1/25/16,0.1,3.5,96.7,3.4,0.4223,0.1152,0.3394,289,229,79.24,2.01604E+12,0.3
MCD15A2H,Lai_500m,A2016033,2/2/16,0.1,1.7,88.8999,1.6,0.5139,0.1351,0.3675,289,173,59.86,2.01604E+12,F
MCD15A2H,Lai_500m,A2016041,2/10/16,0.1,1.4,115.9,1.3,0.477,0.0633,0.2517,289,243,84.08,2.01611E+12,0.3
MCD15A2H,Lai_500m,A2016057,2/26/16,0.1,2.8,203.6001,2.7,0.7246,0.127,0.3563,289,281,97.23,2.01611E+12,1
MCD15A2H,Lai_500m,A2016065,3/5/16,0.1,1.7,233.9999,1.6,0.8153,0.0966,0.3109,289,287,99.31,2.01611E+12,1.1
MCD15A2H,Lai_500m,A2016073,3/13/16,0.2,1.5,255.4998,1.3,0.8841,0.0906,0.301,289,289,100,2.01611E+12,1
MCD15A2H,Lai_500m,A2016081,3/21/16,0.2,1.6,248.8,1.4,0.8609,0.0927,0.3045,289,289,100,2.01611E+12,0.9
MCD15A2H,Lai_500m,A2016089,3/29/16,0.2,1.6,271.8999,1.4,0.9408,0.1029,0.3208,289,289,100,2.01611E+12,1.2
MCD15A2H,Lai_500m,A2016097,4/6/16,0.2,2.5,248.6999,2.3,0.8635,0.1196,0.3458,289,288,99.65,2.01611E+12,1.2
MCD15A2H,Lai_500m,A2016105,4/14/16,0.1,1.6,221.1998,1.5,0.8103,0.108,0.3287,289,273,94.46,2.01612E+12,F
MCD15A2H,Lai_500m,A2016113,4/22/16,0.3,2.8,274.7999,2.5,0.9509,0.1042,0.3228,289,289,100,2.01612E+12,1
MCD15A2H,Lai_500m,A2016121,4/30/16,0.4,1.9,294,1.5,1.0173,0.0834,0.2887,289,289,100,2.01613E+12,1
MCD15A2H,Lai_500m,A2016129,5/8/16,0.4,1.8,289.6,1.4,1.0021,0.0734,0.2708,289,289,100,2.01614E+12,1.2
MCD15A2H,Lai_500m,A2016137,5/16/16,0.5,3.2,326.3002,2.7,1.1291,0.1106,0.3325,289,289,100,2.01615E+12,1.2
MCD15A2H,Lai_500m,A2016145,5/24/16,0.6,1.9,323.6,1.3,1.1197,0.0578,0.2405,289,289,100,2.01616E+12,0.9
MCD15A2H,Lai_500m,A2016153,6/1/16,0.7,2.5,383.8001,1.8,1.328,0.0891,0.2985,289,289,100,2.01617E+12,1.7
MCD15A2H,Lai_500m,A2016161,6/9/16,0.9,2.5,448.3002,1.6,1.5512,0.1245,0.3529,289,289,100,2.01617E+12,1.9
MCD15A2H,Lai_500m,A2016169,6/17/16,0.8,4.3,454,3.5,1.5709,0.2048,0.4526,289,289,100,2.01618E+12,1.8
MCD15A2H,Lai_500m,A2016177,6/25/16,0.4,3.3,344.8998,2.9,1.342,0.1424,0.3774,289,257,88.93,2.01619E+12,1.5
MCD15A2H,Lai_500m,A2016185,7/3/16,0.9,4.2,506.6,3.3,1.7529,0.2305,0.4801,289,289,100,2.01619E+12,1.8
MCD15A2H,Lai_500m,A2016193,7/11/16,0.9,2.8,448.4001,1.9,1.5516,0.1391,0.373,289,289,100,2.0162E+12,1.8
MCD15A2H,Lai_500m,A2016201,7/19/16,0.4,4.4,471,4,1.6298,0.3319,0.5761,289,289,100,2.01622E+12,1.9
MCD15A2H,Lai_500m,A2016209,7/27/16,0.5,3.3,456.9,2.8,1.581,0.1606,0.4008,289,289,100,2.01622E+12,1.6
MCD15A2H,Lai_500m,A2016217,8/4/16,0.3,4,481.0999,3.7,1.6763,0.2409,0.4908,289,287,99.31,2.01624E+12,2.1
MCD15A2H,Lai_500m,A2016225,8/12/16,0.5,3.6,450,3.1,1.5625,0.2571,0.5071,289,288,99.65,2.01624E+12,1.8
MCD15A2H,Lai_500m,A2016233,8/20/16,0.3,3.4,427.7,3.1,1.5221,0.2569,0.5068,289,281,97.23,2.01625E+12,0.6
MCD15A2H,Lai_500m,A2016241,8/28/16,0.3,4.5,470.2999,4.2,1.6273,0.3915,0.6257,289,289,100,2.01625E+12,1.4
MCD15A2H,Lai_500m,A2016249,9/5/16,0.8,3.2,513.7,2.4,1.7775,0.2478,0.4978,289,289,100,2.01626E+12,1.9
MCD15A2H,Lai_500m,A2016257,9/13/16,0.8,5.3,459.1998,4.5,1.5889,0.2595,0.5094,289,289,100,2.01627E+12,1.6
MCD15A2H,Lai_500m,A2016265,9/21/16,0.6,2.3,417,1.7,1.4429,0.1674,0.4092,289,289,100,2.01627E+12,1.6
MCD15A2H,Lai_500m,A2016273,9/29/16,0.5,3.4,373.1,2.9,1.291,0.1621,0.4027,289,289,100,2.01628E+12,1.6
MCD15A2H,Lai_500m,A2016281,10/7/16,0.5,2.7,329.6999,2.2,1.1408,0.0805,0.2837,289,289,100,2.01629E+12,1.6
MCD15A2H,Lai_500m,A2016289,10/15/16,0.3,1.9,278.8999,1.6,0.9651,0.0904,0.3006,289,289,100,2.0163E+12,1.5
MCD15A2H,Lai_500m,A2016297,10/23/16,0.3,5.2,270.6998,4.9,0.9367,0.2012,0.4486,289,289,100,2.01631E+12,1
MCD15A2H,Lai_500m,A2016305,10/31/16,0.2,2,240.9,1.8,0.8336,0.1176,0.3429,289,289,100,2.01631E+12,0.9
MCD15A2H,Lai_500m,A2016313,11/8/16,0.3,1.7,266.2999,1.4,0.9215,0.0951,0.3084,289,289,100,2.01632E+12,1.2
MCD15A2H,Lai_500m,A2016321,11/16/16,0.3,1.6,253.4,1.3,0.8768,0.0906,0.3011,289,289,100,2.01634E+12,1.1
MCD15A2H,Lai_500m,A2016329,11/24/16,0.1,1.7,189.5002,1.6,0.6696,0.0873,0.2955,289,283,97.92,2.01634E+12,1
MCD15A2H,Lai_500m,A2016337,12/2/16,0.1,3.6,197.2001,3.5,0.7119,0.147,0.3834,289,277,95.85,2.01635E+12,0.7
MCD15A2H,Lai_500m,A2016345,12/10/16,0.1,1.8,201.1001,1.7,0.7031,0.0852,0.2919,289,286,98.96,2.01636E+12,0.9
MCD15A2H,Lai_500m,A2016353,12/18/16,0.1,2,204.5001,1.9,0.7865,0.1622,0.4028,289,260,89.97,2.01636E+12,1.9
MCD15A2H,Lai_500m,A2016361,12/26/16,0.1,2.2,83,2.1,0.503,0.1683,0.4102,289,165,57.09,2.01702E+12,F
MCD15A2H,Lai_500m,A2017001,1/1/17,0.1,5.6,62.1,5.5,0.4196,0.276,0.5254,289,148,51.21,2.01702E+12,F
MCD15A2H,Lai_500m,A2017009,1/9/17,0.1,1.6,121,1.5,0.5105,0.1056,0.3249,289,237,82.01,2.01702E+12,0.6
MCD15A2H,Lai_500m,A2017017,1/17/17,0.1,1,45.7,0.9,0.3385,0.0686,0.2619,289,135,46.71,2.01703E+12,F
MCD15A2H,Lai_500m,A2017025,1/25/17,0.1,2.4,56,2.3,0.4211,0.1169,0.3418,289,133,46.02,2.01704E+12,F
MCD15A2H,Lai_500m,A2017033,2/2/17,0.1,0.9,95.7999,0.8,0.4355,0.0515,0.2269,289,220,76.12,2.01705E+12,0.4
MCD15A2H,Lai_500m,A2017041,2/10/17,0.1,2.1,154.4001,2,0.6713,0.1516,0.3894,289,230,79.58,2.01705E+12,0.7
MCD15A2H,Lai_500m,A2017049,2/18/17,0.1,1.5,159.4001,1.4,0.6015,0.1136,0.337,289,265,91.7,2.01706E+12,0.4
MCD15A2H,Lai_500m,A2017057,2/26/17,0.1,1.7,153.5,1.6,0.6369,0.1205,0.3471,289,241,83.39,2.01707E+12,0.7
MCD15A2H,Lai_500m,A2017065,3/6/17,0.1,1.7,211.5,1.6,0.7395,0.115,0.3391,289,286,98.96,2.01708E+12,0.9
MCD15A2H,Lai_500m,A2017073,3/14/17,0.1,2.8,258.3001,2.7,0.9031,0.1449,0.3806,289,286,98.96,2.01708E+12,1.3
MCD15A2H,Lai_500m,A2017081,3/22/17,0.1,2.1,259.9001,2,0.9349,0.1095,0.3309,289,278,96.19,2.01709E+12,1.1
MCD15A2H,Lai_500m,A2017089,3/30/17,0.1,1.7,263.7,1.6,0.9351,0.1367,0.3697,289,282,97.58,2.0171E+12,1.3
MCD15A2H,Lai_500m,A2017097,4/7/17,0.2,4.4,291,4.2,1.0104,0.1407,0.3751,289,288,99.65,2.01712E+12,1.3
MCD15A2H,Lai_500m,A2017105,4/15/17,0.4,1.6,307.9001,1.2,1.0654,0.0823,0.2868,289,289,100,2.01711E+12,1.2
MCD15A2H,Lai_500m,A2017113,4/23/17,0.2,1.7,291.8,1.5,1.0097,0.096,0.3099,289,289,100,2.01712E+12,1.4
MCD15A2H,Lai_500m,A2017121,5/1/17,0.4,1.8,311.3002,1.4,1.0772,0.0566,0.2378,289,289,100,2.01714E+12,1.2
MCD15A2H,Lai_500m,A2017129,5/9/17,0.6,2.7,356.8,2.1,1.2346,0.1187,0.3445,289,289,100,2.01714E+12,1.3
MCD15A2H,Lai_500m,A2017137,5/17/17,0.6,3,356.3,2.4,1.2329,0.0999,0.316,289,289,100,2.01715E+12,1.2
MCD15A2H,Lai_500m,A2017145,5/25/17,0.7,3.1,363.1002,2.4,1.2564,0.0917,0.3028,289,289,100,2.01715E+12,1.5
MCD15A2H,Lai_500m,A2017153,6/2/17,0.9,3.7,433.0001,2.8,1.4983,0.1175,0.3427,289,289,100,2.01716E+12,1.6
MCD15A2H,Lai_500m,A2017161,6/10/17,0.9,2.9,450.8001,2,1.5599,0.1278,0.3575,289,289,100,2.01717E+12,1.7
MCD15A2H,Lai_500m,A2017169,6/18/17,1,2.9,472.1999,1.9,1.6339,0.137,0.3701,289,289,100,2.01718E+12,2.2
MCD15A2H,Lai_500m,A2017177,6/26/17,1,3.6,468.0999,2.6,1.6197,0.1235,0.3515,289,289,100,2.01719E+12,1.8
MCD15A2H,Lai_500m,A2017185,7/4/17,0.1,3.6,271.0001,3.5,1.1245,0.3414,0.5843,289,241,83.39,2.01719E+12,1.4
MCD15A2H,Lai_500m,A2017193,7/12/17,0.3,4.7,310.8,4.4,1.2432,0.3237,0.5689,289,250,86.51,2.0172E+12,1.4
MCD15A2H,Lai_500m,A2017201,7/20/17,0.4,3.3,427.6001,2.9,1.5217,0.2619,0.5118,289,281,97.23,2.01721E+12,2.7
MCD15A2H,Lai_500m,A2017209,7/28/17,0.3,3.7,412.5002,3.4,1.4373,0.4302,0.6559,289,287,99.31,2.01722E+12,F
MCD15A2H,Lai_500m,A2017217,8/5/17,0.3,5.9,497.4,5.6,1.7701,0.6413,0.8008,289,281,97.23,2.01723E+12,2.3
MCD15A2H,Lai_500m,A2017225,8/13/17,1,3.5,515,2.5,1.782,0.2026,0.4501,289,289,100,2.01723E+12,2.1
MCD15A2H,Lai_500m,A2017233,8/21/17,0.3,5.4,476.4998,5.1,1.6488,0.367,0.6058,289,289,100,2.01724E+12,1.5
MCD15A2H,Lai_500m,A2017241,8/29/17,0.9,3,528.6,2.1,1.8291,0.1897,0.4355,289,289,100,2.01725E+12,2.8
MCD15A2H,Lai_500m,A2017249,9/6/17,0.8,4.3,550.4001,3.5,1.9045,0.4795,0.6925,289,289,100,2.01726E+12,1.9
MCD15A2H,Lai_500m,A2017257,9/14/17,0.7,2.8,457.0002,2.1,1.5813,0.1766,0.4202,289,289,100,2.01727E+12,2.5
MCD15A2H,Lai_500m,A2017265,9/22/17,0.7,2.6,384.6001,1.9,1.3308,0.1415,0.3762,289,289,100,2.01728E+12,1.5
MCD15A2H,Lai_500m,A2017273,9/30/17,0.6,2.4,373.5001,1.8,1.2924,0.0919,0.3032,289,289,100,2.01728E+12,1.6
MCD15A2H,Lai_500m,A2017281,10/8/17,0.6,2.1,333.6001,1.5,1.1543,0.0832,0.2884,289,289,100,2.01729E+12,1.4
MCD15A2H,Lai_500m,A2017289,10/16/17,0.3,1.6,264.8,1.3,0.9163,0.0639,0.2527,289,289,100,2.0173E+12,1.4
MCD15A2H,Lai_500m,A2017297,10/24/17,0.3,2.4,262.9999,2.1,0.91,0.0884,0.2974,289,289,100,2.01731E+12,1.4
MCD15A2H,Lai_500m,A2017305,11/1/17,0.3,1.7,253.1999,1.4,0.8761,0.0892,0.2987,289,289,100,2.01731E+12,1.2
MCD15A2H,Lai_500m,A2017313,11/9/17,0.3,1.7,243.2999,1.4,0.8419,0.0837,0.2894,289,289,100,2.01733E+12,1.1
MCD15A2H,Lai_500m,A2017321,11/17/17,0.3,1.4,244.8,1.1,0.8471,0.0763,0.2762,289,289,100,2.01733E+12,1.1
MCD15A2H,Lai_500m,A2017329,11/25/17,0.3,2.1,235.3,1.8,0.8142,0.093,0.3049,289,289,100,2.01734E+12,1.1
MCD15A2H,Lai_500m,A2017337,12/3/17,0.3,2.3,253.1,2,0.8758,0.1,0.3163,289,289,100,2.01735E+12,1
MCD15A2H,Lai_500m,A2017345,12/11/17,0.3,1.6,245.1,1.3,0.8481,0.0896,0.2994,289,289,100,2.01735E+12,1.2
MCD15A2H,Lai_500m,A2017353,12/19/17,0.3,1.6,242.3,1.3,0.8384,0.0815,0.2854,289,289,100,2.01736E+12,1.1
MCD15A2H,Lai_500m,A2017361,12/27/17,0.3,1.6,244.7001,1.3,0.8467,0.0937,0.3061,289,289,100,2.01801E+12,1.2
MCD15A2H,Lai_500m,A2018001,1/1/18,0.3,2,251.1001,1.7,0.8689,0.1181,0.3437,289,289,100,2.01801E+12,0.9
MCD15A2H,Lai_500m,A2018009,1/9/18,0.3,1.9,242.4,1.6,0.8388,0.113,0.3362,289,289,100,2.01802E+12,1.1
MCD15A2H,Lai_500m,A2018017,1/17/18,0.3,1.4,207.5001,1.1,0.718,0.0694,0.2634,289,289,100,2.01803E+12,1
MCD15A2H,Lai_500m,A2018025,1/25/18,0.2,2.8,191.5003,2.6,0.6696,0.093,0.3049,289,286,98.96,2.01803E+12,0.6
MCD15A2H,Lai_500m,A2018033,2/2/18,0.3,1.4,223.2,1.1,0.7723,0.0735,0.2711,289,289,100,2.01804E+12,0.9
MCD15A2H,Lai_500m,A2018041,2/10/18,0.3,1.3,214,1,0.7405,0.0709,0.2662,289,289,100,2.01805E+12,1
MCD15A2H,Lai_500m,A2018049,2/18/18,0.1,2.3,168.6,2.2,0.7084,0.1488,0.3858,289,238,82.35,2.01806E+12,0.8
MCD15A2H,Lai_500m,A2018057,2/26/18,0.2,1.6,228.3999,1.4,0.7931,0.0806,0.2839,289,288,99.65,2.01807E+12,1.3
MCD15A2H,Lai_500m,A2018065,3/6/18,0.2,1.5,233.7999,1.3,0.8175,0.074,0.272,289,286,98.96,2.01807E+12,1.1
MCD15A2H,Lai_500m,A2018073,3/14/18,0.1,1.4,236,1.3,0.8339,0.0792,0.2814,289,283,97.92,2.01808E+12,0.9
MCD15A2H,Lai_500m,A2018081,3/22/18,0.1,1.5,235.5999,1.4,0.8152,0.0843,0.2904,289,289,100,2.0181E+12,0.9
MCD15A2H,Lai_500m,A2018089,3/30/18,0.3,1.6,258.7001,1.3,0.8952,0.0812,0.285,289,289,100,2.0181E+12,1.1
MCD15A2H,Lai_500m,A2018097,4/7/18,0.3,2.1,266.8,1.8,0.9232,0.0797,0.2823,289,289,100,2.01811E+12,1.2
MCD15A2H,Lai_500m,A2018105,4/15/18,0.4,1.6,270.9998,1.2,0.9377,0.0639,0.2529,289,289,100,2.01811E+12,1.1
MCD15A2H,Lai_500m,A2018113,4/23/18,0.4,1.9,270.2998,1.5,0.9353,0.0712,0.2669,289,289,100,2.01812E+12,1
MCD15A2H,Lai_500m,A2018121,5/1/18,0.5,1.5,273.2999,1,0.9457,0.0581,0.2409,289,289,100,2.01813E+12,1.1
MCD15A2H,Lai_500m,A2018129,5/9/18,0.5,3.3,303.3,2.8,1.0495,0.1209,0.3477,289,289,100,2.01815E+12,1.3
MCD15A2H,Lai_500m,A2018137,5/17/18,0.6,2.1,335.1002,1.5,1.1595,0.0643,0.2537,289,289,100,2.01815E+12,1.3
MCD15A2H,Lai_500m,A2018145,5/25/18,0.7,2.2,349.8998,1.5,1.2107,0.0711,0.2667,289,289,100,2.01815E+12,1.4
MCD15A2H,Lai_500m,A2018153,6/2/18,0.4,2.7,338.9999,2.3,1.173,0.0858,0.293,289,289,100,2.01816E+12,1
MCD15A2H,Lai_500m,A2018161,6/10/18,0.6,2.5,361.7001,1.9,1.2516,0.0791,0.2813,289,289,100,2.01817E+12,1.1
MCD15A2H,Lai_500m,A2018169,6/18/18,0.7,2.1,366.1,1.4,1.2668,0.0597,0.2444,289,289,100,2.01818E+12,1.4
MCD15A2H,Lai_500m,A2018177,6/26/18,0.7,2.9,364.4001,2.2,1.2609,0.0856,0.2926,289,289,100,2.01819E+12,1.4
MCD15A2H,Lai_500m,A2018185,7/4/18,0.2,5.4,296.8001,5.2,1.0832,0.3006,0.5483,289,274,94.81,2.01819E+12,1.3
MCD15A2H,Lai_500m,A2018193,7/12/18,0.3,3.1,320.8999,2.8,1.1669,0.1687,0.4107,289,275,95.16,2.0182E+12,0.6
MCD15A2H,Lai_500m,A2018201,7/20/18,0.7,5.9,418.1001,5.2,1.4467,0.2234,0.4726,289,289,100,2.01821E+12,1.5
MCD15A2H,Lai_500m,A2018209,7/28/18,0.9,2.5,435.2998,1.6,1.5062,0.096,0.3099,289,289,100,2.01822E+12,1.6
MCD15A2H,Lai_500m,A2018217,8/5/18,0.7,2.6,423.7001,1.9,1.4661,0.1023,0.3199,289,289,100,2.01823E+12,1.6
MCD15A2H,Lai_500m,A2018225,8/13/18,1,2.8,431.2001,1.8,1.492,0.0942,0.3069,289,289,100,2.01824E+12,1.6
MCD15A2H,Lai_500m,A2018233,8/21/18,0.3,3.5,435.8003,3.2,1.508,0.2505,0.5005,289,289,100,2.01824E+12,1.6
MCD15A2H,Lai_500m,A2018241,8/29/18,0.7,2.5,426.6999,1.8,1.4765,0.1067,0.3267,289,289,100,2.01825E+12,1.6
MCD15A2H,Lai_500m,A2018249,9/6/18,0.8,2.9,422.9001,2.1,1.4633,0.1515,0.3893,289,289,100,2.01826E+12,2.1
MCD15A2H,Lai_500m,A2018257,9/14/18,0.6,2.2,383.6,1.6,1.3273,0.1394,0.3733,289,289,100,2.01827E+12,1.8
MCD15A2H,Lai_500m,A2018265,9/22/18,0.6,4.6,397.0997,4,1.374,0.1939,0.4403,289,289,100,2.01828E+12,1.7
MCD15A2H,Lai_500m,A2018273,9/30/18,0.6,2.9,345.0003,2.3,1.1938,0.1435,0.3788,289,289,100,2.01829E+12,1.3
MCD15A2H,Lai_500m,A2018281,10/8/18,0.2,3,251.5001,2.8,0.9419,0.2218,0.471,289,267,92.39,2.0183E+12,F
MCD15A2H,Lai_500m,A2018289,10/16/18,0.3,3.6,312.8999,3.3,1.0827,0.185,0.4301,289,289,100,2.0183E+12,2.4
MCD15A2H,Lai_500m,A2018297,10/24/18,0.3,1.5,252.2999,1.2,0.873,0.0627,0.2505,289,289,100,2.01831E+12,1.4
MCD15A2H,Lai_500m,A2018305,11/1/18,0.1,1.4,242.3999,1.3,0.8388,0.0741,0.2722,289,289,100,2.01832E+12,1.1
MCD15A2H,Lai_500m,A2018313,11/9/18,0.2,1.6,247.3999,1.4,0.8561,0.0848,0.2912,289,289,100,2.01832E+12,1.2
MCD15A2H,Lai_500m,A2018321,11/17/18,0.2,1.7,239.3999,1.5,0.8284,0.084,0.2898,289,289,100,2.01833E+12,0.9
MCD15A2H,Lai_500m,A2018329,11/25/18,0.1,1.6,232.5,1.5,0.8045,0.0834,0.2888,289,289,100,2.01834E+12,1.2
MCD15A2H,Lai_500m,A2018337,12/3/18,0.1,2.3,127.5,2.2,0.5876,0.1937,0.4401,289,217,75.09,2.01835E+12,0.4
MCD15A2H,Lai_500m,A2018345,12/11/18,0.1,4.1,188.6002,4,0.709,0.251,0.501,289,266,92.04,2.01901E+12,0.6
MCD15A2H,Lai_500m,A2018353,12/19/18,0.1,1.8,204.4002,1.7,0.7147,0.1229,0.3506,289,286,98.96,2.01903E+12,1
MCD15A2H,Lai_500m,A2018361,12/27/18,0.1,2.3,42.1,2.2,0.4479,0.1744,0.4176,289,94,32.53,2.01901E+12,F
MCD15A2H,Lai_500m,A2019001,1/1/19,0.1,2.3,53.1,2.2,0.4741,0.2267,0.4762,289,112,38.75,2.01901E+12,F
MCD15A2H,Lai_500m,A2019009,1/9/19,0.1,2.3,42.6,2.2,0.4733,0.3857,0.6211,289,90,31.14,2.01902E+12,F
MCD15A2H,Lai_500m,A2019017,1/17/19,0.1,2.6,20.9,2.5,0.2613,0.0964,0.3104,289,80,27.68,2.01903E+12,0.1
MCD15A2H,Lai_500m,A2019025,1/25/19,0.1,2,74.1999,1.9,0.3989,0.0612,0.2473,289,186,64.36,2.01904E+12,F
MCD15A2H,Lai_500m,A2019033,2/2/19,0.1,2.7,75.9,2.6,0.4993,0.1547,0.3933,289,152,52.6,2.01904E+12,F
MCD15A2H,Lai_500m,A2019041,2/10/19,0.1,1.7,68.3,1.6,0.4523,0.1177,0.3431,289,151,52.25,2.01905E+12,F
MCD15A2H,Lai_500m,A2019049,2/18/19,0.1,1,6.5,0.9,0.2955,0.0895,0.2992,289,22,7.61,2.01906E+12,F
MCD15A2H,Lai_500m,A2019057,2/26/19,0.1,0.7,64.4,0.6,0.3951,0.0423,0.2057,289,163,56.4,2.01907E+12,F
MCD15A2H,Lai_500m,A2019065,3/6/19,0.1,1.3,86.5999,1.2,0.5379,0.1073,0.3276,289,161,55.71,2.01907E+12,F
MCD15A2H,Lai_500m,A2019073,3/14/19,0.1,1.3,70.3,1.2,0.4017,0.0682,0.2611,289,175,60.55,2.01908E+12,0.2
MCD15A2H,Lai_500m,A2019081,3/22/19,0.1,2,173.4001,1.9,0.6721,0.1371,0.3702,289,258,89.27,2.01909E+12,0.8
MCD15A2H,Lai_500m,A2019089,3/30/19,0.1,1.3,119.1,1.2,0.5514,0.0887,0.2978,289,216,74.74,2.0191E+12,0.5
MCD15A2H,Lai_500m,A2019097,4/7/19,0.1,1.6,229.3999,1.5,0.8252,0.1127,0.3357,289,278,96.19,2.01911E+12,1
MCD15A2H,Lai_500m,A2019105,4/15/19,0.1,1.9,258.1999,1.8,0.9092,0.1148,0.3389,289,284,98.27,2.01911E+12,1.1
MCD15A2H,Lai_500m,A2019113,4/23/19,0.1,3.2,279.6,3.1,0.9675,0.174,0.4171,289,289,100,2.01912E+12,1.1
MCD15A2H,Lai_500m,A2019121,5/1/19,0.2,1.8,281.2998,1.6,0.9734,0.0838,0.2894,289,289,100,2.01913E+12,1.1
MCD15A2H,Lai_500m,A2019129,5/9/19,0.2,2.2,299.4001,2,1.036,0.0924,0.304,289,289,100,2.01914E+12,1.5
MCD15A2H,Lai_500m,A2019137,5/17/19,0.3,2.2,321.7001,1.9,1.117,0.0967,0.3109,289,288,99.65,2.01915E+12,1.4
MCD15A2H,Lai_500m,A2019145,5/25/19,0.5,2.5,332.0999,2,1.1491,0.0808,0.2843,289,289,100,2.01915E+12,1.1
MCD15A2H,Lai_500m,A2019153,6/2/19,0.6,2.5,382.3998,1.9,1.3232,0.0728,0.2698,289,289,100,2.01916E+12,1.4
MCD15A2H,Lai_500m,A2019161,6/10/19,0.7,2.4,403.0997,1.7,1.3948,0.0914,0.3023,289,289,100,2.01917E+12,1.7
MCD15A2H,Lai_500m,A2019169,6/18/19,0.9,3,486.3,2.1,1.6827,0.1998,0.447,289,289,100,2.01918E+12,2.2
MCD15A2H,Lai_500m,A2019177,6/26/19,0.3,4.3,460.1999,4,1.6091,0.2309,0.4805,289,286,98.96,2.01919E+12,2.1
MCD15A2H,Lai_500m,A2019185,7/4/19,0.9,6.2,520.4999,5.3,1.801,0.3659,0.6049,289,289,100,2.01919E+12,2.1
MCD15A2H,Lai_500m,A2019193,7/12/19,1,3.8,557.3,2.8,1.9284,0.2303,0.4799,289,289,100,2.0192E+12,2.4
MCD15A2H,Lai_500m,A2019201,7/20/19,0.2,3.7,500.2,3.5,1.7368,0.4811,0.6936,289,288,99.65,2.01921E+12,1.7
MCD15A2H,Lai_500m,A2019209,7/28/19,0.9,6.5,530,5.6,1.8339,0.5448,0.7381,289,289,100,2.01922E+12,1.8
MCD15A2H,Lai_500m,A2019217,8/5/19,0.6,6.1,530.7999,5.5,1.8367,0.5509,0.7422,289,289,100,2.01923E+12,2.4
MCD15A2H,Lai_500m,A2019225,8/13/19,1,5.7,570.9999,4.7,1.9758,0.327,0.5719,289,289,100,2.01923E+12,2.1
MCD15A2H,Lai_500m,A2019233,8/21/19,1.1,5.4,540.5001,4.3,1.8702,0.2399,0.4898,289,289,100,2.01924E+12,2.2
MCD15A2H,Lai_500m,A2019241,8/29/19,0.9,3.1,492.5,2.2,1.7042,0.1876,0.4331,289,289,100,2.01925E+12,2.1
MCD15A2H,Lai_500m,A2019249,9/6/19,0.7,3,479.3,2.3,1.6585,0.2081,0.4562,289,289,100,2.01926E+12,1.9
MCD15A2H,Lai_500m,A2019257,9/14/19,0.7,5.7,459.7002,5,1.5907,0.3749,0.6123,289,289,100,2.01927E+12,1.5
MCD15A2H,Lai_500m,A2019265,9/22/19,0.7,4,428.9998,3.3,1.4844,0.27,0.5196,289,289,100,2.01928E+12,1.6
MCD15A2H,Lai_500m,A2019273,9/30/19,0.7,2.5,380.8997,1.8,1.318,0.1348,0.3671,289,289,100,2.01928E+12,1.6
MCD15A2H,Lai_500m,A2019281,10/8/19,0.6,2.7,348.7001,2.1,1.2066,0.1119,0.3345,289,289,100,2.0193E+12,1.5
MCD15A2H,Lai_500m,A2019289,10/16/19,0.5,3.4,313.4,2.9,1.0844,0.1439,0.3794,289,289,100,2.0193E+12,1.3
MCD15A2H,Lai_500m,A2019297,10/24/19,0.3,1.6,250.5998,1.3,0.8671,0.0635,0.252,289,289,100,2.01931E+12,1
MCD15A2H,Lai_500m,A2019305,11/1/19,0.4,1.7,246,1.3,0.8512,0.0716,0.2676,289,289,100,2.01932E+12,1
MCD15A2H,Lai_500m,A2019313,11/9/19,0.3,1.4,239,1.1,0.827,0.0598,0.2446,289,289,100,2.01932E+12,1
MCD15A2H,Lai_500m,A2019321,11/17/19,0.3,1.4,216.8002,1.1,0.7502,0.0652,0.2553,289,289,100,2.01933E+12,0.9
MCD15A2H,Lai_500m,A2019329,11/25/19,0.1,1.2,123.2,1.1,0.5895,0.0843,0.2903,289,209,72.32,2.01934E+12,0.7
MCD15A2H,Lai_500m,A2019337,12/3/19,0.1,2.1,95.7,2,0.5287,0.1065,0.3263,289,181,62.63,2.01935E+12,0.9
MCD15A2H,Lai_500m,A2019345,12/11/19,0.1,2.8,109.6,2.7,0.5373,0.1732,0.4162,289,204,70.59,2.01935E+12,0.2
MCD15A2H,Lai_500m,A2019353,12/19/19,0.1,3.2,127.0999,3.1,0.5725,0.2178,0.4666,289,222,76.82,2.01936E+12,1.6
MCD15A2H,Lai_500m,A2019361,12/27/19,0.1,2,73.5,1.9,0.5326,0.1787,0.4228,289,138,47.75,2.02001E+12,F
MCD15A2H,Lai_500m,A2020001,1/1/20,0.1,1.3,86.9999,1.2,0.537,0.1273,0.3567,289,162,56.06,2.02001E+12,F
MCD15A2H,Lai_500m,A2020009,1/9/20,0.1,1.7,98.7,1.6,0.5335,0.1186,0.3443,289,185,64.01,2.02002E+12,0.3
MCD15A2H,Lai_500m,A2020017,1/17/20,0.1,1.9,42.1,1.8,0.4626,0.1632,0.404,289,91,31.49,2.02003E+12,F
MCD15A2H,Lai_500m,A2020025,1/25/20,0.1,1.4,90.9,1.3,0.5107,0.0967,0.3109,289,178,61.59,2.02003E+12,F
MCD15A2H,Lai_500m,A2020033,2/2/20,0.1,1.6,123.2,1.5,0.5333,0.1134,0.3367,289,231,79.93,2.02004E+12,0.6
MCD15A2H,Lai_500m,A2020041,2/10/20,0.1,1.3,76.6,1.2,0.4787,0.0934,0.3057,289,160,55.36,2.02005E+12,0.4
MCD15A2H,Lai_500m,A2020049,2/18/20,0.1,1.4,110,1.3,0.5238,0.1031,0.3212,289,210,72.66,2.02006E+12,0.6
MCD15A2H,Lai_500m,A2020057,2/26/20,0.1,1.3,132.6,1.2,0.5525,0.0963,0.3104,289,240,83.04,2.02007E+12,0.8
MCD15A2H,Lai_500m,A2020065,3/5/20,0.1,1.3,138.7,1.2,0.5376,0.0863,0.2938,289,258,89.27,2.02008E+12,0.6
MCD15A2H,Lai_500m,A2020073,3/13/20,0.1,1.4,155.6,1.3,0.5962,0.0965,0.3107,289,261,90.31,2.02008E+12,0.9
MCD15A2H,Lai_500m,A2020081,3/21/20,0.1,2.1,195.4999,2,0.782,0.1352,0.3676,289,250,86.51,2.02009E+12,1.7
MCD15A2H,Lai_500m,A2020089,3/29/20,0.1,5.4,255.4,5.3,0.9057,0.4696,0.6853,289,282,97.58,2.0201E+12,1.2
MCD15A2H,Lai_500m,A2020097,4/6/20,0.1,1.6,255.5,1.5,0.8934,0.0998,0.3159,289,286,98.96,2.02011E+12,1.1
MCD15A2H,Lai_500m,A2020105,4/14/20,0.1,3.1,254,3,0.8912,0.1466,0.3829,289,285,98.62,2.02011E+12,1.2
MCD15A2H,Lai_500m,A2020113,4/22/20,0.3,1.5,267.7,1.2,0.9263,0.0708,0.2661,289,289,100,2.02012E+12,1.2
MCD15A2H,Lai_500m,A2020121,4/30/20,0.5,1.9,292.8,1.4,1.0131,0.0798,0.2824,289,289,100,2.02013E+12,1.3
MCD15A2H,Lai_500m,A2020129,5/8/20,0.6,1.5,311.2001,0.9,1.0768,0.0496,0.2227,289,289,100,2.02014E+12,1.3
MCD15A2H,Lai_500m,A2020137,5/16/20,0.6,2.5,361.9999,1.9,1.2526,0.0716,0.2676,289,289,100,2.02015E+12,1.6
MCD15A2H,Lai_500m,A2020145,5/24/20,0.6,3.2,394.9001,2.6,1.3664,0.1479,0.3846,289,289,100,2.02015E+12,1.5
MCD15A2H,Lai_500m,A2020153,6/1/20,0.7,3.3,457.8998,2.6,1.5844,0.1894,0.4352,289,289,100,2.02016E+12,2.2
MCD15A2H,Lai_500m,A2020161,6/9/20,0.8,5.5,468.2998,4.7,1.6204,0.3112,0.5578,289,289,100,2.02017E+12,1.7
MCD15A2H,Lai_500m,A2020169,6/17/20,0.8,3.1,444.0002,2.3,1.5363,0.1185,0.3442,289,289,100,2.02018E+12,2.1
MCD15A2H,Lai_500m,A2020177,6/25/20,0.7,2.6,413.7999,1.9,1.4318,0.1087,0.3298,289,289,100,2.02019E+12,1.6
MCD15A2H,Lai_500m,A2020185,7/3/20,0.7,3.8,433.1997,3.1,1.499,0.1891,0.4349,289,289,100,2.0202E+12,1.8
MCD15A2H,Lai_500m,A2020193,7/11/20,0.5,4.1,355.7,3.6,1.2308,0.1138,0.3373,289,289,100,2.0202E+12,1.3
MCD15A2H,Lai_500m,A2020201,7/19/20,0.2,4.3,263.8,4.1,1.1322,0.3365,0.5801,289,233,80.62,2.02021E+12,0.4
MCD15A2H,Lai_500m,A2020209,7/27/20,0.7,5.5,469.5997,4.8,1.6249,0.4055,0.6368,289,289,100,2.02022E+12,1.7
MCD15A2H,Lai_500m,A2020217,8/4/20,0.6,2.9,425.3,2.3,1.4716,0.1722,0.415,289,289,100,2.02023E+12,1.9
MCD15A2H,Lai_500m,A2020225,8/12/20,0.03,0.38,41.29,0.35,0.1429,0.0026,0.0514,289,289,100,2.02025E+12,0.16
MCD15A2H,Lai_500m,A2020233,8/20/20,0.3,3.1,390.2001,2.8,1.3502,0.1427,0.3778,289,289,100,2.02035E+12,1.2
MCD15A2H,Lai_500m,A2020241,8/28/20,0.07,0.37,43.04,0.3,0.1489,0.0027,0.052,289,289,100,2.02025E+12,0.18
MCD15A2H,Lai_500m,A2020249,9/5/20,0.06,0.24,40.42,0.18,0.1399,0.0018,0.0419,289,289,100,2.02026E+12,0.18
MCD15A2H,Lai_500m,A2020257,9/13/20,0.06,0.24,38.37,0.18,0.1328,0.0016,0.0394,289,289,100,2.02027E+12,0.14
MCD15A2H,Lai_500m,A2020265,9/21/20,0.5,2.8,333.2999,2.3,1.1533,0.0938,0.3063,289,289,100,2.02027E+12,1.7
MCD15A2H,Lai_500m,A2020273,9/29/20,0.5,1.6,312.0001,1.1,1.0796,0.072,0.2683,289,289,100,2.02029E+12,1.4
MCD15A2H,Lai_500m,A2020281,10/7/20,0.5,1.7,297.5,1.2,1.0294,0.0808,0.2842,289,289,100,2.02029E+12,1.3
MCD15A2H,Lai_500m,A2020289,10/15/20,0.3,1.6,248,1.3,0.8581,0.0703,0.2652,289,289,100,2.0203E+12,1.3
MCD15A2H,Lai_500m,A2020297,10/23/20,0.3,1.6,260.4999,1.3,0.9014,0.093,0.305,289,289,100,2.02031E+12,1.3
MCD15A2H,Lai_500m,A2020305,10/31/20,0.3,1.6,228.9001,1.3,0.792,0.0695,0.2637,289,289,100,2.02032E+12,1
MCD15A2H,Lai_500m,A2020313,11/8/20,0.3,1.4,240.0999,1.1,0.8308,0.0714,0.2672,289,289,100,2.02032E+12,1.1
MCD15A2H,Lai_500m,A2020321,11/16/20,0.3,2.9,253.7999,2.6,0.8782,0.1472,0.3836,289,289,100,2.02034E+12,1.1
MCD15A2H,Lai_500m,A2020329,11/24/20,0.1,1.7,236.1001,1.6,0.8255,0.1081,0.3288,289,286,98.96,2.02034E+12,1.1
MCD15A2H,Lai_500m,A2020337,12/2/20,0.2,1.9,253.6999,1.7,0.8809,0.1129,0.336,289,288,99.65,2.02035E+12,1.2
MCD15A2H,Lai_500m,A2020345,12/10/20,0.1,1.2,29.2,1.1,0.2163,0.0237,0.1541,289,135,46.71,2.02036E+12,F
MCD15A2H,Lai_500m,A2020353,12/18/20,0.1,1.7,135.2,1.6,0.6145,0.134,0.366,289,220,76.12,2.02037E+12,F
MCD15A2H,Lai_500m,A2020361,12/26/20,0.1,2,179.7001,1.9,0.6372,0.1357,0.3683,289,282,97.58,2.021E+12,0.9
MCD15A2H,Lai_500m,A2021001,1/1/21,0.1,1.6,177.6001,1.5,0.6276,0.1028,0.3206,289,283,97.92,2.02101E+12,0.6
MCD15A2H,Lai_500m,A2021009,1/9/21,0.1,1.5,181.0001,1.4,0.6679,0.074,0.272,289,271,93.77,2.02102E+12,0.7
MCD15A2H,Lai_500m,A2021017,1/17/21,0.1,2.5,144.8,2.4,0.5304,0.1394,0.3734,289,273,94.46,2.02103E+12,0.8
MCD15A2H,Lai_500m,A2021025,1/25/21,0.1,1.6,64.8,1.5,0.5023,0.1595,0.3993,289,129,44.64,2.02104E+12,F
MCD15A2H,Lai_500m,A2021033,2/2/21,0.1,2,172.4002,1.9,0.6224,0.0866,0.2944,289,277,95.85,2.02104E+12,0.9
MCD15A2H,Lai_500m,A2021041,2/10/21,0.1,1.6,147.4001,1.5,0.5968,0.1229,0.3506,289,247,85.47,2.02106E+12,1
MCD15A2H,Lai_500m,A2021049,2/18/21,0.1,2.2,135.8,2.1,0.7,0.1824,0.427,289,194,67.13,2.02106E+12,0.6
MCD15A2H,Lai_500m,A2021057,2/26/21,0.1,3.2,183.8001,3.1,0.6782,0.1097,0.3312,289,271,93.77,2.02107E+12,1.5
MCD15A2H,Lai_500m,A2021065,3/6/21,0.1,3.2,212.7999,3.1,0.7493,0.1174,0.3426,289,284,98.27,2.02108E+12,0.8
MCD15A2H,Lai_500m,A2021073,3/14/21,0.1,1.4,204.3,1.3,0.7245,0.0876,0.296,289,282,97.58,2.02108E+12,1
MCD15A2H,Lai_500m,A2021081,3/22/21,0.1,2.9,164.7999,2.8,0.763,0.1769,0.4206,289,216,74.74,2.02109E+12,1.1