"block","year","water_year","GPP_avg","GPP_total","P_avg","P_total","P_acc","LAI_mod","VPD","S","Tair","Tsoil","PPFD_IN","WUE","GPP_avg_yr","GPP_total_yr","month","Season","B_WUE","SD_WUE","SE_WUE","B_WUE.wght","SD_WUE.wght","SE_WUE.wght"
1,2016,2017,3.76428757181901,26.3500130027331,0.580571428571429,4.064,4.064,1.378325,0.673253859553571,0.0868000695347985,7.78667532738095,9.72175021825398,21886.4778283271,NA,2.22943690094199,811.515031942884,10,"Fall",2.46018773967549,0.239412089731894,0.00121868584737018,9.26085413280196,0.901215953920986,0.0045874839892073
2,2016,2017,3.01736839460931,21.1215787622652,1.37885714285714,9.652,13.716,1.18735,0.571514080238095,0.0969738335085053,9.82562913690476,8.87956406349206,18731.5480092517,NA,2.22943690094199,811.515031942884,10,"Fall",2.13966676995451,0.23017661338699,0.00122228194550303,6.45616288665651,0.694527638412111,0.00368807491166241
3,2016,2017,2.60391792127636,18.2274254489345,0,0,13.716,1.074375,0.816130241339285,0.0893813835693854,10.2203748511905,8.50036880456349,22219.9430869904,NA,2.22943690094199,811.515031942884,10,"Fall",2.46818088277726,0.289872897897914,0.00162451585758697,6.42694043361541,0.754805233728691,0.00423010595496835
4,2016,2017,2.24870532730836,15.7409372911585,0.399142857142857,2.794,16.51,1.02685,0.687215798184524,0.0811504085085793,11.1810791964286,8.70884350099206,19411.2389287671,NA,2.22943690094199,811.515031942884,10,"Fall",2.77273069188686,0.346679800225732,0.00208250199231958,6.23505427803737,0.7795807136378,0.00468293332425931
5,2016,2017,2.19476292830751,15.3633404981525,1.99571428571429,13.97,30.48,0.941457142857143,0.415374134494047,0.112921350311702,7.98129752976191,7.1978566128227,14965.4954967871,NA,2.22943690094199,811.515031942884,10,"Fall",2.98872914562039,0.35201524398649,0.00222551908314163,6.55955193155979,0.77259000770067,0.00488448677992018
6,2016,2017,1.97076869438475,13.7953808606932,3.15685714285714,22.098,52.578,0.97245,0.227940636041667,0.239399701019865,4.77001583333333,4.12421750513458,15079.3200633514,NA,2.22943690094199,811.515031942884,11,"Fall",2.6009806882756,0.382564024545808,0.00259936234013185,5.12593131515284,0.753945203172715,0.00512274192529453
7,2016,2017,1.52695939009071,10.6887157306349,0.508,3.556,56.134,0.957775,0.495778538333333,0.208430827377255,4.54482452380953,3.86959406232592,15869.2852141429,NA,2.22943690094199,811.515031942884,11,"Fall",2.49801020080017,0.379910862161694,0.00310345907467132,3.81436013265419,0.580108458375254,0.0047388559758316
8,2016,2017,0.390737012459246,2.73515908721472,6.20485714285714,43.434,99.568,0.749580357142857,0.256672534970238,0.194360412909209,1.01071640476191,-0.126416167521865,13492.8303491143,NA,2.22943690094199,811.515031942884,11,"Fall",2.23499591992578,0.468923094575963,0.00568076975095203,0.873295628610401,0.183225609047756,0.00221968700095585
9,2016,2017,0.123582191184129,0.8650753382889,1.41514285714286,9.906,109.474,0.7734625,0.0910540888988095,0.18912176218372,-5.52897446428571,-7.52083386286921,10625.9720194571,NA,2.22943690094199,811.515031942884,11,"Fall",1.83389043925502,0.548832699596956,0.00936509631601622,0.226636198874759,0.0678259476096924,0.0011573591233837
10,2016,2017,0.0643427380498114,0.45039916634868,0.362857142857143,2.54,112.014,0.76165,0.188149195535714,0.183708772463104,-2.65966184523809,-1.78603877312197,12229.0440122714,NA,2.22943690094199,811.515031942884,12,"Winter",1.34731370916672,0.631048376215735,0.014876257554025,0.0866898530598338,0.0406033803676079,0.000957179142960163
11,2016,2017,0.13012687338526,0.910888113696822,2.83042857142857,19.813,131.827,0.723775,0.219356334851191,0.167552353139701,1.85637636904762,0.496041726984127,10232.9813165186,NA,2.22943690094199,811.515031942884,12,"Winter",0.905653637010564,0.687546848949398,0.0192061340646214,0.117849876154174,0.0894683217596729,0.00249923417564735
12,2016,2017,0.0484168339280083,0.338917837496058,6.917,48.419,180.246,0.699326785714286,0.280345306279762,0.202456037157406,-2.55377757738095,0.552663706150794,9679.05338203714,NA,2.22943690094199,811.515031942884,12,"Winter",0.840189705838767,0.652957433667923,0.0210678941656152,0.0406793254556177,0.0316141316279583,0.00102004073302946
13,2016,2017,0.0837676625975486,0.58637363818284,2.46742857142857,17.272,197.518,0.475333928571429,0.195853835208333,0.196518930441886,-3.03653423809523,0.660028285813492,10325.50415613,NA,2.22943690094199,811.515031942884,12,"Winter",0.585131341579023,0.716430446719465,0.0248903765507678,0.0490150847966425,0.0600137039354071,0.00208500866483068
14,2017,2017,0,0,2.78271428571429,19.479,216.997,0.547821428571429,0.0539919879797365,0.192221393295087,-3.52259176728723,0.7378950240987,8022.39740592914,NA,2.22943690094199,811.515031942884,12,"Winter",1.08508557034856,0.681596153370736,0.0194420299162309,0,0,0
15,2017,2017,0.273566382368323,1.91496467657826,0.145142857142857,1.016,218.013,0.478221428571429,0.294748766041667,0.19864984789952,0.392948303571429,0.860954068650794,9239.76980928571,NA,2.22943690094199,811.515031942884,1,"Winter",1.62017226821218,0.545586961041678,0.0136413640982536,0.443224666228286,0.149254251199499,0.00373181862692836
16,2017,2017,0.0806286776584628,0.56440074360924,5.55171428571429,38.862,256.875,0.350053571428571,0.0693978377232143,0.210962315865069,-2.14635842261905,0.955688128373016,7588.05992875429,NA,2.22943690094199,811.515031942884,1,"Winter",1.76652644698807,0.605239107068483,0.0122159011108713,0.142432691469351,0.0487996288701206,0.000984951952976103
17,2017,2017,0,0,7.00285714285714,49.02,305.895,0.456744642857143,0.0432098679166667,0.21807764144563,-8.34139181547619,1.00248683660714,10475.9482698571,NA,2.22943690094199,811.515031942884,1,"Winter",1.78714655835996,0.694057522761551,0.0115748941339513,0,0,0
18,2017,2017,0.268087082493831,1.87660957745682,0.0725714285714286,0.508,306.403,0.525128571428571,0.463492053571429,0.224158979956197,1.34494589285714,1.0243305639881,16904.0441349714,NA,2.22943690094199,811.515031942884,1,"Winter",1.81994217363435,0.703913303851154,0.0109720396477503,0.487902987637115,0.18871006395805,0.00294146209817205
19,2017,2017,0.305702172614931,2.13991520830452,0.653142857142857,4.572,310.975,0.6683375,0.382555034732143,0.234645147554245,3.34103666666667,0.973641896527778,15787.8673571429,NA,2.22943690094199,811.515031942884,2,"Winter",2.04349515491377,0.641595794300117,0.00922646612957404,0.624700908585227,0.196137228258148,0.00282055074136887
20,2017,2017,0.462158815823614,3.2351117107653,1.34257142857143,9.398,320.373,0.69165,0.267307380357143,0.257475439621906,0.739012622023809,0.879403686210317,16429.6873461857,NA,2.22943690094199,811.515031942884,2,"Winter",2.28430858550328,0.585441910883874,0.00799149342500653,1.05571335085191,0.270567140267605,0.0036933391379632
21,2017,2017,0.179929343150486,1.2595054020534,2.55198285714286,17.86388,338.23688,0.6148375,0.214681885178571,0.271350208838109,-2.41643948809524,0.844558038789682,16792.1613866643,NA,2.22943690094199,811.515031942884,2,"Winter",2.41707167365243,0.589398886080538,0.00733840341101181,0.434902118587927,0.106050154426099,0.00132039410551664
22,2017,2017,0.114779002722197,0.80345301905538,1.63761714285714,11.46332,349.7002,0.628698214285714,0.243576539715476,0.266666890176573,-3.347360625,0.880822072619048,17904.5373895514,NA,2.22943690094199,811.515031942884,2,"Winter",2.49120714141061,0.583819539648492,0.00679105304651221,0.285938271265525,0.0670102245305862,0.000779470296112208
23,2017,2017,0.591976645039545,4.14383651527682,0.266145714285714,1.86302,351.56322,0.782839285714286,0.562386696428571,0.277909271283354,3.33247008928571,0.864277890079365,23097.4445529557,NA,2.22943690094199,811.515031942884,3,"Winter",2.5413222027194,0.516389587060694,0.00510650115736323,1.50440339153034,0.305690575281546,0.00302292942302644
24,2017,2017,2.01109744929662,14.0776821450763,6.45414,45.17898,396.7422,0.947878571428571,0.772690473214286,0.310131441606985,7.72166513690476,0.950624715972221,24764.9004575766,NA,2.22943690094199,811.515031942884,3,"Winter",2.62258665092361,0.379494346287642,0.00309842105250684,5.27427732423183,0.763200111841565,0.00623122667554343
25,2017,2017,1.58697122225471,11.108798555783,2.58047857142857,18.06335,414.80555,0.971107142857143,0.615562300354167,0.298132759557712,4.86971135416667,4.41112782113095,24007.7130226413,NA,2.22943690094199,811.515031942884,3,"Winter",2.45197005781366,0.365284142466648,0.00252125345465338,3.89120591958051,0.579695422040561,0.00400115667654519
26,2017,2017,1.81996524676154,12.7397567273308,2.58558,18.09906,432.90461,0.953,0.28145522828869,0.306088538447795,0.74543574702381,2.89067041507936,19396.5544471286,NA,2.22943690094199,811.515031942884,3,"Winter",2.4794819869053,0.329752238148583,0.00205520901911734,4.5125710461389,0.600137613472256,0.00374040898962444
27,2017,2017,1.40281637048468,9.81971459339274,3.41876714285714,23.93137,456.83598,1.013275,0.326729633928571,0.310302238768938,1.45284398809524,2.35483765079365,22357.364349,NA,2.22943690094199,811.515031942884,4,"Spring",2.55221975131279,0.312706308866564,0.00179779099279536,3.58029564821592,0.438669529231854,0.00252197063540323
28,2017,2017,3.30504693782443,23.135328564771,0,0,456.83598,1.11095,0.750706517857143,0.273903567124594,7.26052363095239,7.09397420436508,28474.4470278286,NA,2.22943690094199,811.515031942884,4,"Spring",2.3126959077724,0.229256966957697,0.00118041591583996,7.64356852810225,0.757705036618452,0.00390133000800608
29,2017,2017,3.88130058152262,27.1691040706583,0.941631428571429,6.59142,463.4274,1.1367,0.865057857142858,0.242423581532881,9.12763208333333,9.50698004960318,31547.0193762857,NA,2.22943690094199,811.515031942884,4,"Spring",2.12246955688823,0.17889299940254,0.000913913324304359,8.23794232541436,0.694337502611406,0.00354717231708377
30,2017,2017,3.20080839195145,22.4056587436601,2.35540142857143,16.48781,479.91521,1.11928392857143,0.386699502083333,0.246599291605926,3.1480175,7.38187696726191,22838.4922919214,NA,2.22943690094199,811.515031942884,4,"Spring",2.22062731677561,0.196626353400916,0.000995298006379014,7.10780255093201,0.629363282044462,0.00318575821131049
31,2017,2017,2.73495433998736,19.1446803799115,0.806848571428571,5.64794,485.56315,1.23542321428571,0.661755662202381,0.272260283190765,6.15139380952381,7.06653992063493,31309.99157443,NA,2.22943690094199,811.515031942884,4,"Spring",1.7339538547349,0.168325024156181,0.000865579941702745,4.74228462034503,0.460361255344425,0.00236732161816593
32,2017,2017,2.91197832917007,20.3838483041905,4.71237857142857,32.98665,518.5498,1.40131785714286,0.581935431339286,0.272059805270119,8.54816711309524,8.96342924206349,24548.9161104,NA,2.22943690094199,811.515031942884,5,"Spring",2.17438298872347,0.21685242581424,0.00109649164602765,6.33175614247879,0.631469564599027,0.00319295991134854
33,2017,2017,3.16614930357703,22.1630451250392,1.42220857142857,9.95546,528.50526,1.42998571428571,0.597658244047619,0.254979015698371,6.19024517857143,9.15242242361111,28192.7514279,NA,2.22943690094199,811.515031942884,5,"Spring",2.34539805472631,0.231009755062881,0.00122079934669415,7.42588041758262,0.73141137511184,0.00386523300134298
34,2017,2017,3.93825411699146,27.5677788189402,0,0,528.50526,1.46720178571429,0.923308898809524,0.242042888489236,10.2998134821429,10.5809224861111,35859.6551897897,NA,2.22943690094199,811.515031942884,5,"Spring",1.9779881406602,0.160664852557612,0.000822877135132023,7.78981993831531,0.632739017040842,0.00324069926521183
35,2017,2017,3.74661155751935,26.2262809026355,0.891174285714286,6.23822,534.74348,1.6328375,0.606273815178571,0.199264688804415,10.385616875,11.6073785436508,26976.097405673,NA,2.22943690094199,811.515031942884,5,"Spring",2.30446054384115,0.192410912348901,0.000968528183764686,8.63391850740259,0.720888947999237,0.003628698887076
36,2017,2017,3.69563637454809,25.8694546218367,1.14435571428571,8.01049,542.75397,1.7986,1.01582105089286,0.181661321427945,15.552524077381,14.1393963561508,30651.96991928,NA,2.22943690094199,811.515031942884,6,"Summer",1.59316440010968,0.114543225462036,0.000569527348965539,5.88775630768044,0.423310110475565,0.00210476598713699
37,2017,2017,3.81875620098317,26.7312934068822,0.0584814285714286,0.40937,543.16334,1.9840875,1.63117842261905,0.134707332225251,16.5666927380952,15.9977307599206,37783.6022188271,NA,2.22943690094199,811.515031942884,6,"Summer",1.69555530128919,0.118583780811986,0.000572658980688972,6.47491232090799,0.452842548311803,0.00218684503355471
38,2017,2017,3.26098445651709,22.8268911956197,0,0,543.16334,2.07507857142857,1.82215889880952,0.0950380762713737,20.8025065178571,18.6251483035714,35420.1839112457,NA,2.22943690094199,811.515031942884,6,"Summer",1.29643784898554,0.0866029429547431,0.000417225077428481,4.22766367438229,0.282410850864054,0.00136056449236342
39,2017,2017,3.56052299278647,24.9236609495053,0.372647142857143,2.60853,545.77187,1.74485535714286,1.25921649107143,0.0776067649673884,16.6794106547619,17.8054550793651,32403.6554690429,NA,2.22943690094199,811.515031942884,6,"Summer",1.77160610041065,0.136392075063812,0.000663422529431537,6.30784425467289,0.485627119298562,0.00236213116997355
40,2017,2017,3.14717448479581,22.0302213935706,0,0,545.77187,1.35211785714286,1.42888017857143,0.0705404327800347,18.2663736309524,17.5507425,27215.3966176571,NA,2.22943690094199,811.515031942884,7,"Summer",1.86468654617677,0.167093503671283,0.000811401033932182,5.86849392026954,0.525872411329396,0.0025536206309283
41,2017,2017,3.83460438658767,26.8422307061137,5.24758285714286,36.73308,582.50495,1.42741785714286,0.778272965297619,0.110479750711081,16.5636420535714,16.5239914880952,25758.646959,NA,2.22943690094199,811.515031942884,7,"Summer",1.92812697148047,0.149805731409008,0.000749780839223875,7.39360414273703,0.574445714796957,0.00287511289506725
42,2017,2017,3.63736480125299,25.4615536087709,1.97014571428571,13.79102,596.29597,1.69318928571429,0.672105651428572,0.207232813915928,16.5318148214286,15.0912274712302,26401.4136474714,NA,2.22943690094199,811.515031942884,7,"Summer",1.7841342883727,0.138746689962641,0.000688330892744918,6.48954726123543,0.504672326360473,0.00250371056088541
43,2017,2017,3.95797465369741,27.7058225758819,3.24521571428571,22.71651,619.01248,1.875875,0.517525171803571,0.201545892410618,16.2221487708333,16.8116271527778,22776.3157337757,NA,2.22943690094199,811.515031942884,7,"Summer",1.80742259210826,0.131564380193842,0.000643845055117416,7.15373280808458,0.520728482136635,0.00254832240906315
44,2017,2017,3.90807081551566,27.3564957086096,6.10095428571429,42.70668,661.71916,1.99395,0.492416429711012,0.224617821550278,14.7876636607143,16.1583243253968,22667.1074681714,NA,2.22943690094199,811.515031942884,7,"Summer",1.90197339074474,0.145468358178059,0.000735047220666037,7.43304670025688,0.568500645176653,0.00287261659111085
45,2017,2017,4.36994301023817,30.5896010716672,1.72126857142857,12.04888,673.76804,2.0198875,0.693055913988096,0.185302380951256,15.6073319345238,16.9058044444445,25782.4510643143,NA,2.22943690094199,811.515031942884,8,"Summer",1.75173683535968,0.112591608025329,0.000546564230795713,7.65499013945675,0.492018910501763,0.00238845454001193
46,2017,2017,4.49875507211992,31.4912855048395,0.31345,2.19415,675.96219,1.97038928571429,0.995816577845238,0.15299236523371,16.1694937202381,16.4064715972222,27588.1205694571,NA,2.22943690094199,811.515031942884,8,"Summer",1.55911076338133,0.0900371037643024,0.000431132049522249,7.01405745475852,0.405054877238643,0.00193955749454167
47,2017,2017,3.68571355439991,25.7999948807994,3.61884714285714,25.33193,701.29412,2.01825178571429,0.530576778869048,0.145576433183045,14.0308805357143,15.2206924107143,19565.2832740043,NA,2.22943690094199,811.515031942884,8,"Summer",2.12034843207928,0.173356267888097,0.000864341004174047,7.8149969561652,0.638941546295341,0.00318571335470792
48,2017,2017,3.51386851171135,24.5970795819794,1.59155857142857,11.14091,712.43503,2.104275,1.00612190476191,0.123538103163524,15.9448523809524,15.6311975297619,24072.3622385714,NA,2.22943690094199,811.515031942884,8,"Summer",1.79373635389462,0.146371000368692,0.000719513332737327,6.30295369226224,0.514328449223236,0.00252827524366218
49,2017,2017,3.08773696921452,21.6141587845016,3.45556142857143,24.18893,736.62396,1.98789285714286,1.22420943452381,0.117851527758792,16.4103655059524,14.9989952450397,22113.7052865696,NA,2.22943690094199,811.515031942884,9,"Summer",1.85817348772363,0.169301292322341,0.000850047392088229,5.73755097325855,0.522757859239487,0.00262472275813521
50,2017,2017,3.07784254389395,21.5448978072577,0.689428571428571,4.826,741.44996,1.84043392857143,1.49917080357143,0.136386832724169,15.3425212797619,14.4976215674603,21899.7885369,NA,2.22943690094199,811.515031942884,9,"Summer",1.78701592759205,0.16371581901194,0.000814925081426838,5.50015364855891,0.50389151286339,0.00250821108570176
51,2017,2017,3.46508475954051,24.2555933167835,0.0725714285714286,0.508,741.95796,1.6343125,1.02283714285714,0.0974055058781474,13.2126298511905,13.4181013769841,25330.2846910829,NA,2.22943690094199,811.515031942884,9,"Summer",2.21839602578734,0.206414752800418,0.00103857053090152,7.68693025958093,0.71524461407305,0.00359873491833474
52,2017,2017,3.26015975256796,22.8211182679757,0.435428571428571,3.048,745.00596,1.4881,0.388475392857143,0.140986229237779,7.66793843154762,10.281966639881,17727.1635438829,NA,2.22943690094199,811.515031942884,9,"Summer",2.80622795795801,0.266264029683006,0.00141094509135964,9.14875144506568,0.868063273129098,0.00459990639993401
53,2017,2018,2.87470396030217,20.1229277221152,0.798285714285714,5.588,745.00596,1.36285,0.416309663690476,0.243464218800932,8.32462099702381,10.9153378482143,17705.2943156957,NA,1.67409008555664,609.368791142617,9,"Summer",2.64661595956996,0.295635750493306,0.00165414644473546,7.6082373803747,0.849865262750012,0.00475518133560077
54,2017,2018,2.74728987422177,19.2310291195524,0.0362857142857143,0.254,5.842,1.17360535714286,0.645660029761905,0.229976894895269,5.74253971130952,8.45257606051587,22253.3081049871,NA,1.67409008555664,609.368791142617,10,"Fall",2.63275481035391,0.302887692411691,0.0017749573610995,7.23294063179396,0.832120290389037,0.00487632238532406
55,2017,2018,2.74305567499856,19.2013897249899,0.0725714285714286,0.508,6.35,1.01384821428571,0.837291785714286,0.19825165835315,8.18850508630953,7.95122803968254,21345.1930873806,NA,1.67409008555664,609.368791142617,10,"Fall",2.7293771366852,0.328918982168507,0.00200465336000147,7.48683344399566,0.902243080652071,0.00549887577555696
56,2017,2018,2.76256556628686,19.337958964008,0.145142857142857,1.016,7.366,0.9952,0.613158523809524,0.17532007538409,6.29412306547619,6.54377676388889,20819.80764808,NA,1.67409008555664,609.368791142617,10,"Fall",2.99036371376192,0.356138967335423,0.00239119947718973,8.26107582631237,0.983857247973801,0.00660584533780747
57,2017,2018,2.42394816605598,16.9676371623918,0.0725714285714286,0.508,7.874,0.970851785714286,0.485410875,0.160673210791245,5.28516553571429,5.07166302281746,18077.0537225227,NA,1.67409008555664,609.368791142617,10,"Fall",3.21900810471238,0.396395823143247,0.00295415918823995,7.8027087919369,0.960842928540322,0.00716072874657164
58,2017,2018,2.04627379540114,14.323916567808,0,0,7.874,0.931780357142857,0.446031758928571,0.165393932907784,5.11040115178571,4.89739691468254,13051.4911930914,NA,1.67409008555664,609.368791142617,11,"Fall",3.25099433178988,0.445908216357258,0.0037882618556941,6.65242451013929,0.912450298285921,0.00775182096542455
59,2017,2018,1.6521583324652,11.5651083272564,0,0,7.874,0.91245,0.577337678571429,0.167777269951656,4.69527954761905,4.17484596130952,14066.9826121057,NA,1.67409008555664,609.368791142617,11,"Fall",3.28648189735355,0.489782982235215,0.00478182343285564,5.4297884512087,0.809199035199565,0.00790032942896978
60,2017,2018,1.39977215871858,9.79840511103006,0,0,7.874,0.9154,0.71739424702381,0.156153493227703,5.68005886904762,2.48013686230159,15689.5168056829,NA,1.67409008555664,609.368791142617,11,"Fall",3.27965652312103,0.540346257883048,0.00604136754804773,4.5907718912246,0.756361647852461,0.00845653809434314
61,2017,2018,1.24956268384432,8.74693878691025,0,0,7.874,0.9281,0.647727678571429,0.147398490708203,6.36184029761905,3.57426364087302,13322.7010588714,NA,1.67409008555664,609.368791142617,11,"Fall",3.28304169782943,0.587767261252018,0.00817874245666777,4.10236639511256,0.734452036445899,0.0102198513746253
62,2017,2018,0.317419161900506,2.22193413330354,0,0,7.874,0.936126785714286,0.321157928571429,0.130553223628241,-1.66809313988095,1.01432907683432,12992.9883443286,NA,1.67409008555664,609.368791142617,12,"Winter",3.16518643937841,0.671391041027963,0.010749605526282,1.00469082684634,0.213112381550604,0.00341213077691347
63,2017,2018,0.5080137151572,3.5560960061004,0,0,7.874,0.930726785714286,0.553104113095238,0.0901494524398001,0.24935223809524,-0.535234456445556,13461.1648399143,NA,1.67409008555664,609.368791142617,12,"Winter",3.00999673079853,0.740979002391684,0.0131586830779584,1.52911962182399,0.376427495858475,0.00668479147700984
64,2017,2018,0.0166153475293714,0.1163074327056,0,0,7.874,0.923739285714286,0.351330925595238,0.0837230658958021,-2.74917514285714,-0.924360097116964,12997.8817326471,NA,1.67409008555664,609.368791142617,12,"Winter",2.89241485867526,0.799047190611513,0.0149201526939274,0.0480584780760072,0.0132764467643782,0.00024790352220089
65,2017,2018,0.109002722248808,0.763019055741654,0,0,7.874,0.916178571428571,0.530920952380952,0.0806203508503518,1.98046967261905,-1.00565956164484,13755.6905133186,NA,1.67409008555664,609.368791142617,12,"Winter",2.77668659983036,0.818673391833072,0.0159918319517952,0.302666398213295,0.0892376283424696,0.00174315321649115
66,2018,2018,0.263937308589617,1.84756116012732,0,0,7.874,0.904214285714286,0.617166539051418,0.0823670779591757,2.60872450620567,-0.689120305485984,12912.1906590391,NA,1.67409008555664,609.368791142617,12,"Winter",2.66952251430357,0.79554314037689,0.0159357637911195,0.704586587644673,0.209973515338008,0.00420604260534796
67,2018,2018,0.208731330278229,1.4611193119476,0.50381,3.52667,11.40067,0.903164285714286,0.308901746428571,0.0926054890653737,-0.155576794642857,0.0278578092491072,12187.797026332,NA,1.67409008555664,609.368791142617,1,"Winter",2.52725507867602,0.783603877361366,0.0155946486810461,0.527517314524454,0.163562679732816,0.00325509176441638
68,2018,2018,0.150554468076403,1.05388127653482,0.0907371428571429,0.63516,12.03583,0.806523214285714,0.402185888392857,0.0812398124344877,-0.222070714285714,-1.09482286893165,15171.6991370854,NA,1.67409008555664,609.368791142617,1,"Winter",2.37036611772968,0.776649164418852,0.015179392292429,0.35686921000112,0.116928001831063,0.00228532533230969
69,2018,2018,0.141469721221935,0.990288048553542,1.64408142857143,11.50857,23.5444,0.781492857142857,0.322630729464286,0.0818763859274862,-3.70906220833334,-0.600678893380853,15596.7153713464,NA,1.67409008555664,609.368791142617,1,"Winter",2.2265941382986,0.744861435259418,0.0140436347593188,0.314995652019496,0.10537533959512,0.0019867490943435
70,2018,2018,0.244693704362811,1.71285593053968,0.0924942857142857,0.64746,24.19186,0.8064625,0.567927383630952,0.082219826319029,2.90626506845238,-0.773634937729068,17800.2338542411,NA,1.67409008555664,609.368791142617,1,"Winter",2.07123904750334,0.707356945739169,0.0123961002230884,0.506819155154493,0.173085791359681,0.00303324768324018
71,2018,2018,0.458602438716874,3.21021707101812,0.0510228571428571,0.35716,24.54902,0.8003,0.481453039583333,0.103445714175587,2.6050287797619,0.202897139953075,18307.4544767011,NA,1.67409008555664,609.368791142617,2,"Winter",1.96509757416318,0.627935635754336,0.010722230200286,0.901198539827846,0.287972813914169,0.00491724091833489
72,2018,2018,0.191851175408246,1.34295822785772,0.0881928571428571,0.61735,25.16637,0.7557,0.257705367559524,0.116359073863311,-0.791610535714286,0.160474514890873,13485.2088069653,NA,1.67409008555664,609.368791142617,2,"Winter",1.80862197205005,0.619929696469998,0.0100782234050211,0.346986251206982,0.118934240938246,0.0019335190062802
73,2018,2018,0.201248503431323,1.40873952401926,1.83777857142857,12.86445,38.03082,0.760758928571429,0.193769875,0.137694297119439,-3.70399515476191,0.169141491180556,15553.9591500653,NA,1.67409008555664,609.368791142617,2,"Winter",1.4943336090153,0.676511051725217,0.0105746160113182,0.300732402441456,0.13614683671445,0.00212812564663869
74,2018,2018,0.118792562620783,0.83154793834548,0.549585714285714,3.8471,41.87792,0.857576785714286,0.326387552083333,0.111306376754495,-3.05481486011905,-0.0490379269742064,22371.8005355944,NA,1.67409008555664,609.368791142617,2,"Winter",1.68254028628609,0.629937202837432,0.00910967549160433,0.199873272320631,0.0748318546152264,0.00108216169629142
75,2018,2018,0.383110554193071,2.6817738793515,0,0,41.87792,0.841439285714286,0.575162078273809,0.150277606881731,1.3311062797619,0.266992134344048,24470.0608862231,NA,1.67409008555664,609.368791142617,3,"Winter",1.8944038721278,0.551852837319439,0.00692271794621101,0.72576611731638,0.211420646338469,0.00265216630889522
76,2018,2018,0.5185785222945,3.6300496560615,1.17308571428571,8.2116,50.08952,0.889807142857143,0.278677197321429,0.246237799037533,0.731176964285715,1.72907705414137,19342.849507346,NA,1.67409008555664,609.368791142617,3,"Winter",2.1303066521735,0.462610527837371,0.0044808040227379,1.10473127571828,0.239899883923783,0.00232364872880267
77,2018,2018,1.24089942935258,8.68629600546804,0.80283,5.61981,55.70933,0.810673214285714,0.431832216071428,0.247188579749,1.06107220238095,2.23658072013532,22237.9024340929,NA,1.67409008555664,609.368791142617,3,"Winter",2.23143624857847,0.372066949420924,0.00283822123710132,2.76898796749768,0.461697665217378,0.0035219471134954
78,2018,2018,2.07722611130981,14.5405827791687,1.51449714285714,10.60148,66.31081,0.9154375,0.395349906547619,0.240651863206895,1.11304738392857,3.09741321251058,24964.1052848429,NA,1.67409008555664,609.368791142617,3,"Winter",2.59198042628442,0.321920924190324,0.00210378052084348,5.38412942148193,0.668702549505127,0.00437002783036103
79,2018,2018,3.11745417013248,21.8221791909274,0.05758,0.40306,66.71387,1.02615,0.714612608630952,0.250824423112528,5.92954170833333,5.12894272892262,25892.3647893629,NA,1.67409008555664,609.368791142617,3,"Winter",2.80119658575977,0.306569151069408,0.00185569987465502,8.73260197763766,0.955715278435299,0.00578505931275763
80,2018,2018,2.86470323536667,20.0529226475667,0.08399,0.58793,67.3018,1.0530125,0.740093425297619,0.225662906673913,6.77059779761906,7.76543875595238,27777.0062211919,NA,1.67409008555664,609.368791142617,4,"Spring",3.00036325899437,0.332987708375552,0.00208372661809461,8.59515033531645,0.953910965520779,0.0059692583844753
81,2018,2018,2.3433223928941,16.4032567502587,0.175955714285714,1.23169,68.53349,1.07173392857143,0.669029904761904,0.198894958622489,4.07762649404762,6.99892813293651,29776.1167755309,NA,1.67409008555664,609.368791142617,4,"Spring",3.23341058083122,0.368232222572529,0.00242641820649019,7.57692341948253,0.862886812939373,0.00568588011779439
82,2018,2018,2.77017196508488,19.3912037555942,0.05673,0.39711,68.9306,1.09028214285714,0.807571346726191,0.163881830183435,8.34051631845239,9.54245722480158,32464.4326175016,NA,1.67409008555664,609.368791142617,4,"Spring",3.12437771175884,0.369623347485995,0.00251070009277192,8.65506354545041,1.02392023484653,0.0069550710097328
83,2018,2018,2.22330653844087,15.5631457690861,0.314294285714286,2.20006,71.13066,1.06962857142857,0.625557795238095,0.13186389264646,6.55373069345238,9.41667542599205,24528.9899770015,NA,1.67409008555664,609.368791142617,4,"Spring",2.95991240956572,0.370726555152185,0.00254731047600859,6.58079261339973,0.824238774043511,0.00566345203674882
84,2018,2018,1.72975420684805,12.1082794479364,0.303135714285714,2.12195,73.25261,1.1562375,1.34510171994048,0.10976495092765,13.8719119226191,12.1769646954365,31832.8190078443,NA,1.67409008555664,609.368791142617,5,"Spring",2.45866249289971,0.389188177273563,0.00267227878937234,4.2528817903128,0.673199886894473,0.00462238547778764
85,2018,2018,1.55437317603753,10.8806122322627,0,0,73.25261,1.24225535714286,1.24045503571429,0.0803394056710284,12.2035615238095,14.0170077242064,33860.2529344049,NA,1.67409008555664,609.368791142617,5,"Spring",2.34123415603068,0.349769860214326,0.00227546620467009,3.63915157095697,0.543672888503546,0.00353692363151913
86,2018,2018,1.46385391705894,10.2469774194126,1.38660714285714,9.70625,82.95886,1.30435,1.1647868735119,0.0933182927737539,14.0544152172619,13.6319757132936,33294.0250278429,NA,1.67409008555664,609.368791142617,5,"Spring",1.97396144994487,0.328150935286389,0.00198922942593545,2.88959120062515,0.480365032005536,0.00291194128708451
87,2018,2018,1.44942216083608,10.1459551258526,0,0,82.95886,1.3446,1.5611721452381,0.0777590879129156,15.8805754166667,15.3019260525794,34149.7334708323,NA,1.67409008555664,609.368791142617,5,"Spring",1.88576385868577,0.285731476860394,0.0016222319404226,2.7332679268829,0.414145534609876,0.00235129892446463
88,2018,2018,1.0312481478609,7.2187370350263,0,0,82.95886,1.3694375,1.77829938422619,0.0643095980753359,18.8335597916667,17.4312506448413,34524.73024159,NA,1.67409008555664,609.368791142617,6,"Summer",1.5193900496681,0.276766942427995,0.00155624148411549,1.56686817459851,0.285415396767994,0.0016048711481184
89,2018,2018,0.900417786753336,6.30292450727335,0,0,82.95886,1.39806071428571,1.90520334077381,0.0576554181735671,20.2088014285714,19.439260515873,33830.2639867513,NA,1.67409008555664,609.368791142617,6,"Summer",1.2725956779286,0.24458715702763,0.00132166593056281,1.14586778375233,0.22023062659911,0.00119005151202465
90,2018,2018,1.6880756088824,11.8165292621768,2.17511428571429,15.2258,98.18466,1.42449821428571,1.45472109285714,0.105294783882618,17.818387172619,17.1479998710317,32725.2842890747,NA,1.67409008555664,609.368791142617,6,"Summer",1.21123093655808,0.140990986071067,0.00074572593175425,2.04464940072747,0.238003444658846,0.00125884175630545
91,2018,2018,0.991456945710447,6.94019861997313,0,0,98.18466,1.33702857142857,2.2610708860119,0.0693312145975273,21.5473943214286,19.364140515873,34479.2227797764,NA,1.67409008555664,609.368791142617,6,"Summer",1.28988538316199,0.227840585049527,0.00123230844146211,1.27886582230634,0.225894130562085,0.00122178076354522
92,2018,2018,1.04463762853608,7.31246339975258,0.688137142857143,4.81696,103.00162,1.1435,1.64104157946429,0.0579086415114062,19.4385866666667,18.3693325,27938.6052257686,NA,1.67409008555664,609.368791142617,6,"Summer",1.48766498536748,0.24418904353824,0.00131182892019166,1.55407082237045,0.255089063356281,0.00137038585223407
93,2018,2018,2.10889562640326,14.7622693848228,2.71424571428571,18.99972,122.00134,1.19259285714286,0.876625941071428,0.0748027224372512,17.109943452381,16.5857433928571,23901.6231136084,NA,1.67409008555664,609.368791142617,7,"Summer",1.47820210347855,0.160871011825203,0.000805562961387777,3.11737395096601,0.339260173253236,0.00169884820606314
94,2018,2018,2.28285589256807,15.9799912479765,3.2418,22.6926,144.69394,1.508925,1.18641271636905,0.109241062888384,19.1016894940476,17.1809376785714,23306.3738228581,NA,1.67409008555664,609.368791142617,7,"Summer",1.45439307345538,0.147359603378902,0.000752922002403671,3.3201697978478,0.33640073890002,0.00171881242983137
95,2018,2018,2.26913276590455,15.8839293613318,9.56338142857143,66.94367,211.63761,1.76555,1.32670992440476,0.125130479717852,19.6018249315476,18.1045953521825,29194.4034733076,NA,1.67409008555664,609.368791142617,7,"Summer",1.49250384406228,0.156851535709106,0.000901669690952975,3.3866893758002,0.35591695905998,0.00204600823976442
96,2018,2018,3.39336920579156,23.7535844405409,5.26507428571429,36.85552,248.49313,1.79575,1.04848936934524,0.226855159607053,18.1997288095238,16.3008034821429,26782.2956722629,NA,1.67409008555664,609.368791142617,7,"Summer",1.68287694991575,0.133082537889014,0.000701307516275582,5.71062281898052,0.451598185901169,0.00237979532951972
97,2018,2018,2.91860489237948,20.4302342466563,1.66623714285714,11.66366,260.15679,1.776775,1.41579169821429,0.192695413211014,19.4101828273809,17.4033009126984,27039.24937231,NA,1.67409008555664,609.368791142617,8,"Summer",1.33633219128039,0.10298410550537,0.000511289714589589,3.90022567131514,0.300569914165298,0.00149225266242448
98,2018,2018,3.52702242795651,24.6891569956956,6.27546571428571,43.92826,304.08505,1.92895,1.02601561636905,0.147082159559465,17.0504750297619,16.0107813085317,23542.1025484443,0.9585884,1.67409008555664,609.368791142617,8,"Summer",1.80947348331635,0.144031187017457,0.000737237867110694,6.38205355844937,0.508001226935768,0.00260025449203824
99,2018,2018,3.62510563402041,25.3757394381429,0.908011428571429,6.35608,310.44113,1.875125,0.943023097916667,0.193940746891269,16.7048664285714,15.5418444880952,24507.2755837443,0.92921315,1.67409008555664,609.368791142617,8,"Summer",1.78649931822822,0.137180414118234,0.000674753170027452,6.47624874368275,0.497293492097262,0.00244605151823965
100,2018,2018,3.50652875793693,24.5457013055585,3.11561,21.80927,332.2504,1.77284821428571,1.23500041547619,0.183734130382392,17.490207202381,15.9748754861111,28237.78559845,0.0768581,1.67409008555664,609.368791142617,8,"Summer",1.42985180107469,0.0975306013232552,0.000482936307067024,5.01381646005632,0.341993858318876,0.00169343004898238
101,2018,2018,2.7075356250041,18.9527493750287,2.99845571428571,20.98919,353.23959,1.75539107142857,0.56874192202381,0.17257829277969,12.8373857142857,13.8924575198413,18386.9563034271,NA,1.67409008555664,609.368791142617,9,"Summer",1.77913271411244,0.16838188164688,0.000846005702648847,4.81706520506966,0.455899943164151,0.00229059057887838
102,2018,2018,2.72936492305897,19.1055544614128,0.589995714285714,4.12997,357.36956,1.577275,1.39745752857143,0.125800266785369,17.5161155654762,14.7171718650794,26104.1671745243,1.10894765,1.67409008555664,609.368791142617,9,"Summer",1.40922089016658,0.122959769495135,0.000628723074112522,3.84627806646261,0.335602081807437,0.00171601470480052
103,2018,2018,2.77941757125068,19.4559229987547,1.49138,10.43966,367.80922,1.4898,1.24517752708333,0.0883208839168126,17.2569079166667,15.1619719484127,22522.2303999214,NA,1.67409008555664,609.368791142617,9,"Summer",1.81432779813362,0.17583252873711,0.000871375040062751,5.04277456214113,0.488712019969364,0.00242191509749967
104,2018,2018,2.98257625724135,20.8780338006895,0.101434285714286,0.71004,368.51926,1.448525,0.988734124107144,0.0822257519222419,12.9040348958333,13.1563529434524,24039.9915723286,NA,1.67409008555664,609.368791142617,9,"Summer",2.00802311978573,0.202329264578475,0.00106438689298635,5.98908208106464,0.603462460676863,0.00317461507553997
105,2018,2019,1.36708619861147,9.5696033902803,2.31886571428571,16.23206,368.51926,1.31073571428571,0.659587239285715,0.0914438211005894,11.0029354345238,13.1747869325397,18618.2589374597,NA,1.83785949496154,668.980856166,9,"Summer",2.25943021425218,0.343485301089664,0.00202415167784216,3.08883586262991,0.469574014545586,0.00276718982267427
106,2018,2019,2.30271730049343,16.119021103454,1.99122,13.93854,30.1706,1.21175357142857,0.338982438690476,0.162920468836754,6.1105202172619,8.10757261706349,15536.5920291556,NA,1.83785949496154,668.980856166,10,"Fall",2.76534509645816,0.341177033508259,0.00226684998265079,6.36780799544886,0.785634257590494,0.0052199146726732
107,2018,2019,1.83824324067219,12.8677026847054,1.78156428571429,12.47095,42.64155,1.10408928571429,0.193755541964286,0.202624442927312,3.51447107142857,6.37869767956349,13665.574383969,NA,1.83785949496154,668.980856166,10,"Fall",2.95602348155911,0.376929060273437,0.00254319957813056,5.43389018424432,0.692887297260568,0.00467501943417888
108,2018,2019,1.96482666191575,13.7537866334102,8.92615,62.48305,105.1246,0.953353571428571,0.368097562202381,0.240848950386688,6.87745848214286,6.52727024900794,14470.2042617936,NA,1.83785949496154,668.980856166,10,"Fall",2.89299178935936,0.392993569996579,0.00288696221877949,5.68422740043662,0.772164244290731,0.00567238033940139
109,2018,2019,1.61484116145851,11.3038881302096,1.18506714285714,8.29547,113.42007,0.92255,0.569985737499999,0.255296200406042,6.65982610119048,5.31841950297619,16530.0798354437,NA,1.83785949496154,668.980856166,10,"Fall",2.70450978241506,0.429166272701777,0.00364032078800257,4.36735371821104,0.693035362268559,0.00587853984937963
110,2018,2019,1.43845441344086,10.069180894086,0.17798,1.24586,114.66593,0.9193,0.507862116369048,0.264210191592222,3.13567612202381,2.89486263938492,18103.674567737,NA,1.83785949496154,668.980856166,11,"Fall",2.69407132311721,0.465787319406794,0.0052100759519088,3.87529878486241,0.670013825325491,0.00749445674738531
111,2018,2019,0.224068880420907,1.56848216294635,1.11999428571429,7.83996,122.50589,0.9078,0.358520976785714,0.248261814268527,-0.158996874999998,1.00435336875,14446.5239838704,NA,1.83785949496154,668.980856166,11,"Fall",2.52530715834491,0.616201774669648,0.00804219946218302,0.565842747689248,0.138071641763604,0.00180200662961298
112,2018,2019,0.289367926342869,2.02557548440008,1.09437571428571,7.66063,130.16652,0.885125,0.455121917857143,0.234834782252045,0.81567724107143,0.676699001984127,14552.7051986091,NA,1.83785949496154,668.980856166,11,"Fall",2.38703824880449,0.681851086660228,0.010176309346245,0.690732308157667,0.197305835021502,0.00294469753334646
113,2018,2019,0.183235215649731,1.28264650954812,0.455215714285714,3.18651,133.35303,0.819317857142857,0.408366666666667,0.217755382647949,-0.137687261904761,0.377528957559524,13509.5174503864,NA,1.83785949496154,668.980856166,11,"Fall",2.29912420091022,0.711134610434316,0.0116492502817741,0.4212805187593,0.13030490369892,0.00213455288753856
114,2018,2019,0.12764601680886,0.89352211766202,2.07682,14.53774,147.89077,0.724071428571429,0.17798731875,0.215430005691799,-3.54521258630952,0.313246812704365,10911.9303553625,NA,1.83785949496154,668.980856166,12,"Winter",2.18343970048391,0.745436487887335,0.0133752319247006,0.278707380709102,0.0951519984628043,0.00170729507908274
115,2018,2019,0.214389082267442,1.50072357587209,0.996827142857143,6.97779,154.86856,0.772657142857143,0.377623429166667,0.21098721317919,-0.105804285714286,0.291903063373016,13721.9303521625,NA,1.83785949496154,668.980856166,12,"Winter",2.12549870903396,0.720365966116039,0.0132076104147501,0.455683717590422,0.154438598372317,0.00283156747576418
116,2018,2019,0.13456576133883,0.94196032937181,0.105467142857143,0.73827,155.60683,0.773225,0.393512767857143,0.198828838858989,0.291636395833333,0.237092655438492,12576.0029382116,NA,1.83785949496154,668.980856166,12,"Winter",2.01819873572437,0.736140213650461,0.0141968091007772,0.271580449405814,0.0990592683020033,0.00191040442522811
117,2018,2019,0,0,4.45054714285714,31.15383,186.76066,0.578232142857143,0.187267728571428,0.16337097035039,-6.84214523214285,0.0808470033664186,9122.40733112304,NA,1.83785949496154,668.980856166,12,"Winter",1.86511528961038,0.778192747840884,0.0147122115437538,0,0,0
118,2019,2019,0.0375793473411771,0.26305543138824,5.06730857142857,35.47116,222.23182,0.604482142857143,0.182598839045086,0.150136774317907,-8.13669831695796,0.0738718091854863,11463.1358840051,NA,1.83785949496154,668.980856166,12,"Winter",1.7257098539259,0.763028849958922,0.0146362580021512,0.0648510500107735,0.0286741261839453,0.000550021023237924
119,2019,2019,0.169014913301497,1.18310439311048,3.37208571428571,23.6046,245.83642,0.552596428571429,0.261006080357143,0.174959742295428,-0.657922860119048,0.181669150907738,10615.8497328701,NA,1.83785949496154,668.980856166,1,"Winter",1.59296660277352,0.723915130316627,0.0151550333892795,0.269235112259946,0.122352452988107,0.00256142665437033
120,2019,2019,0.163009805035114,1.1410686352458,4.87387428571429,34.11712,279.95354,0.572153571428571,0.115021026785714,0.197099776167534,-1.90864875,0.205080411180556,9939.78237162493,NA,1.83785949496154,668.980856166,1,"Winter",1.49533422392197,0.715858527886415,0.0150967932905985,0.243754140303854,0.116691959063488,0.00246092533095589
121,2019,2019,0.103697564828991,0.72588295380294,0.990935714285714,6.93655,286.89009,0.626375,0.239633645833333,0.209947953328541,-3.05884818452381,0.226602805637897,14636.719242146,NA,1.83785949496154,668.980856166,1,"Winter",1.66018578861397,0.655357410238364,0.0128344177116772,0.172157223442967,0.0679589675343527,0.00133089786269901
122,2019,2019,0.0903527670607714,0.6324693694254,0.143837142857143,1.00686,287.89695,0.6428,0.366610505952381,0.205837987627859,-1.38330215386905,0.238272803395258,17139.7347119453,NA,1.83785949496154,668.980856166,1,"Winter",1.74069729546495,0.660182973653748,0.012546753646614,0.15727681726046,0.0596493584360245,0.00113363390960139
123,2019,2019,0.171972668691926,1.20380868084348,0.0362857142857143,0.254,288.15095,0.626525,0.183315193452381,0.209594353031299,-2.98291555654762,0.247716332202381,13102.6794078829,NA,1.83785949496154,668.980856166,2,"Winter",1.76972609116793,0.669731297045431,0.0120731626023009,0.30434451875188,0.115175478459408,0.00207625399226925
124,2019,2019,0.187843339506137,1.31490337654296,2.29463285714286,16.06243,304.21338,0.618857142857143,0.273208829166667,0.218593629913897,-1.60925984107143,0.264048234295635,13968.5246047846,0.0613223,1.83785949496154,668.980856166,2,"Winter",1.79620782809401,0.690070147332908,0.0120979197432286,0.337405676876245,0.129625080968505,0.00227251364564528
125,2019,2019,0,0,3.69874142857143,25.89119,330.10457,0.622639285714286,0.0997228005952382,0.253899352163375,-7.88824520833333,0.26525305734127,11546.2012742503,NA,1.83785949496154,668.980856166,2,"Winter",1.83387271959254,0.740597229646953,0.0123628980215766,0,0,0
126,2019,2019,0.125617695354129,0.8793238674789,0.577247142857143,4.04073,334.1453,0.527514285714286,0.34938456547619,0.25924880415417,-1.34503489255952,0.29798711237004,22157.4219973624,2.0561609,1.83785949496154,668.980856166,2,"Winter",1.89407571128858,0.730751756540717,0.0115384019538372,0.237929425678303,0.0917953515326261,0.0014494274615106
127,2019,2019,0.153255884015057,1.0727911881054,2.60119571428571,18.20837,352.35367,0.626323214285714,0.221681488392857,0.323523409169842,-2.09278008720238,0.321238225,13943.0573316911,2.6240058,1.83785949496154,668.980856166,3,"Winter",2.06369830148873,0.656875692455229,0.00988907966256476,0.316273907535027,0.100670064935229,0.00151555964578168
128,2019,2019,0.2755280821005,1.9286965747035,6.97075571428571,48.79529,401.14896,0.469741071428571,0.16256469077381,0.358780831950657,-2.40889170386905,0.341625112301587,16639.6880964316,NA,1.83785949496154,668.980856166,3,"Winter",2.26072364027273,0.548055357682323,0.0070981953058753,0.622892848763607,0.151004641587114,0.00195575213900259
129,2019,2019,0.413800544405314,2.8966038108372,0.979388571428571,6.85572,408.00468,0.58575,0.298021047619048,0.354347980175982,1.54888458333333,0.407168338789683,20590.5904090823,NA,1.83785949496154,668.980856166,3,"Winter",2.14929548141688,0.543748248001694,0.00595379642332011,0.889379640298187,0.225003321042537,0.00246368420124828
130,2019,2019,1.18438548865943,8.29069842061602,0.243692857142857,1.70585,409.71053,0.5678,0.683815339285714,0.389228003989364,6.22970869047619,0.404486579761905,28324.4798038543,NA,1.83785949496154,668.980856166,3,"Winter",2.21788979497514,0.425115308272598,0.00380881648036418,2.62683648861439,0.503500402125046,0.00451110696831022
131,2019,2019,1.16596538199692,8.16175767397842,0.893518571428571,6.25463,415.96516,0.61225,0.386891928571429,0.37869136159573,2.05999398809524,0.537038727023809,21068.9716869782,NA,1.83785949496154,668.980856166,3,"Winter",2.31462914277475,0.374849679976975,0.00267243904227725,2.69877745263656,0.437061750305776,0.00311597140879227
132,2019,2019,1.4342396774426,10.0396777420982,0.758118571428571,5.30683,421.27199,0.929814285714286,0.576454317401815,0.343211765632768,5.01590782738095,3.7566916584127,25517.0092763245,NA,1.83785949496154,668.980856166,4,"Spring",2.36413704048838,0.319956646936215,0.00194851865020894,3.39073914638014,0.458894518097412,0.00279464276036655
133,2019,2019,2.00758547246428,14.05309830725,1.13370714285714,7.93595,429.20794,1.002925,0.636248976488096,0.312613216758509,6.50534113095238,4.72385687291667,26441.2792529321,NA,1.83785949496154,668.980856166,4,"Spring",2.1218128447474,0.274177641066563,0.00151830843747384,4.259720642403,0.550435049079758,0.00304813396179243
134,2019,2019,2.74286832615082,19.2000782830558,3.27034285714286,22.8924,452.10034,1.03958214285714,0.630238612202381,0.302730494265807,8.43546245029762,6.7072997202381,24844.8488520463,NA,1.83785949496154,668.980856166,4,"Spring",2.1594796723802,0.230192214553956,0.00120242357162151,5.92316839433819,0.631386934226561,0.00329808952921778
135,2019,2019,3.15623097015506,22.0936167910854,1.49856142857143,10.48993,462.59027,1.12156785714286,0.712580011904762,0.285594029022034,8.76004619047619,8.71259663194445,28765.5679611629,NA,1.83785949496154,668.980856166,4,"Spring",2.06443560674538,0.20528320897181,0.00105523924074133,6.51583559790061,0.647921221809639,0.00333057877255068
136,2019,2019,2.8759072180543,20.1313505263801,2.92565571428571,20.47959,483.06986,1.13923392857143,0.62887105892857,0.266641539963172,7.69276232142857,8.32106539781745,23957.210706583,NA,1.83785949496154,668.980856166,5,"Spring",2.36520036173237,0.232958674232527,0.00122048687030651,6.80209679245077,0.669967532733685,0.00351000699985499
137,2019,2019,2.88294301016551,20.1806010711586,0.849144285714286,5.94401,489.01387,1.1982125,0.786672636904761,0.296367170559624,10.63069375,8.45343272619048,27885.2459767821,NA,1.83785949496154,668.980856166,5,"Spring",1.95634690999215,0.207162442543885,0.00106721934906571,5.64003664962077,0.597237515700707,0.00307673256270237
138,2019,2019,2.10323422511535,14.7226395758074,2.26363714285714,15.84546,504.85933,1.3036,0.525459110119048,0.286288135451538,5.04185630952381,6.47808219742063,25733.7821720817,NA,1.83785949496154,668.980856166,5,"Spring",2.1582968134593,0.249968622981383,0.0012853174740566,4.53940372602499,0.5257425630594,0.00270332370157465
139,2019,2019,2.7149427170739,19.0045990195173,0.103405714285714,0.72384,505.58317,1.42935,0.828924285714285,0.268028840762976,9.73891788690475,9.15959370634921,30765.6177103743,1.795715,1.83785949496154,668.980856166,5,"Spring",2.04677558564871,0.212077684118772,0.0010477580699727,5.55687846974163,0.57577876395216,0.00284460314132779
140,2019,2019,2.71406948470398,18.9984863929279,0.630427142857143,4.41299,509.99616,1.54379642857143,0.860505000000001,0.229719308809323,13.7579905654762,12.3216892767857,26780.1750359145,NA,1.83785949496154,668.980856166,6,"Summer",1.58982491890393,0.150011664987218,0.000755702372338377,4.31489529841914,0.407142082291446,0.002051028748282
141,2019,2019,3.59830395866109,25.1881277106276,0.0561514285714286,0.39306,510.38922,1.65245,1.25900255952381,0.178763701220009,15.5281640476191,14.1579546369048,35406.7169836548,1.071314,1.83785949496154,668.980856166,6,"Summer",1.78577585646207,0.138492830388626,0.000679187284766162,6.42576433358884,0.498339299833571,0.00244392229544635
142,2019,2019,3.77404475903491,26.4183133132444,0.930838571428571,6.51587,516.90509,1.86936785714286,1.18639517857143,0.136113736339731,15.3436393154762,14.0229361835317,30820.2903174333,1.2263545,1.83785949496154,668.980856166,6,"Summer",1.79197490805278,0.133790147444355,0.000636463554852256,6.76299351005868,0.504930004772875,0.00240204194350689
143,2019,2019,3.6411263503235,25.4878844522645,0.165587142857143,1.15911,518.0642,1.91186428571429,1.37024032738095,0.101149434254709,16.1431083035714,14.8861850952381,32876.4379412524,1.3278052,1.83785949496154,668.980856166,6,"Summer",1.87152283419294,0.145472223302812,0.000711173154672467,6.81445110681204,0.529682745508012,0.00258947131312061
144,2019,2019,3.43754266903745,24.0627986832622,1.70008428571429,11.90059,529.96479,1.93580892857143,1.47382744047619,0.0969487081447647,18.6836594345238,15.7234908928571,29448.8255234652,0.824083,1.83785949496154,668.980856166,6,"Summer",1.42281823153515,0.0976139609235588,0.000469804780124389,4.8909983811865,0.335552155768488,0.00161497397779534
145,2019,2019,3.26455988962441,22.8519192273709,2.25278285714286,15.76948,545.73427,1.9698625,1.30940349404762,0.0993359974085327,17.5558127678571,15.8294177579365,28419.22748733,0.8172192,1.83785949496154,668.980856166,7,"Summer",1.50444122186214,0.110647633136367,0.000526270299018836,4.91133846918868,0.361215825018862,0.00171804090927753
146,2019,2019,3.26235452239206,22.8364816567444,1.76964857142857,12.38754,558.12181,1.69725,1.62857386904762,0.0993211677553126,20.7437716666667,17.7195931746032,30909.7434772843,0.1586396,1.83785949496154,668.980856166,7,"Summer",1.29240692703361,0.0861468391112444,0.000416509581730682,4.21628958317892,0.281041530164349,0.00135880191757872
147,2019,2019,3.6699155153038,25.6894086071266,8.15550142857143,57.08851,615.21032,1.5655625,0.995665214285715,0.169498496693599,17.241425783631,16.8912029861111,23309.1427033914,NA,1.83785949496154,668.980856166,7,"Summer",1.72090504175481,0.127494189164174,0.000660181894687609,6.31557611310053,0.467892902924681,0.00242281177823672
148,2019,2019,4.18682875644288,29.3078012951002,0.995877142857143,6.97114,622.18146,1.85890535714286,1.171845625,0.192149347245977,19.1041368452381,17.4606871130952,29554.8874857671,0.5498278,1.83785949496154,668.980856166,7,"Summer",1.43949356043192,0.081929770445068,0.000398310036275855,6.0269130335307,0.343025918908175,0.00166765591385956
149,2019,2019,3.56075885368571,24.9253119758,3.96704285714286,27.7693,649.95076,1.99141071428571,0.594389940476191,0.20160878045526,18.3797369345238,17.0331731150794,23876.8432101571,NA,1.83785949496154,668.980856166,8,"Summer",1.38209880224824,0.0879827176603996,0.000441406053590136,4.92132054677383,0.313285240880598,0.00157174051339155
150,2019,2019,3.63719449096964,25.4603614367875,1.61895428571429,11.33268,661.28344,2.09571428571429,1.24543613095238,0.15652400891166,18.367130327381,16.788788546627,28157.1920040383,0.7686158,1.83785949496154,668.980856166,8,"Summer",1.34310510412322,0.0815515645765779,0.000391786421816946,4.88513448551019,0.296618901407884,0.0014250034150693
151,2019,2019,3.68316750483,25.78217253381,0.950287142857143,6.65201,667.93545,2.07035535714286,1.6609743452381,0.102739336536058,19.7530580952381,16.3775727083333,28792.4430048043,0.924819733333333,1.83785949496154,668.980856166,8,"Summer",1.44750172353727,0.0913829906304855,0.00043582104549919,5.33139131131788,0.336578861584389,0.00160520191270365
152,2019,2019,3.45436883494287,24.1805818446001,0.09198,0.64386,668.57931,1.94665357142857,1.82205352678571,0.0834173112189409,20.7587459821429,17.2116004861111,32135.3240061029,NA,1.83785949496154,668.980856166,8,"Summer",1.46212128730575,0.102402976975816,0.000500024008496349,5.05070620777552,0.35373765227063,0.001727267351673
153,2019,2019,3.28205491593035,22.9743844115125,0.205734285714286,1.44014,670.01945,1.8822625,1.53258642857143,0.0739980256752696,19.8758636488095,16.7293982738095,23287.62468416,0.81711345,1.83785949496154,668.980856166,8,"Summer",1.97455101159392,0.176450110671986,0.000865175092568102,6.48058485435708,0.579118953147445,0.00283955216570364
154,2019,2019,3.79518074491166,26.5662652143816,0.889945714285714,6.22962,676.24907,1.7919,0.95359130654762,0.0716374791796846,15.7011935714286,15.4293967956349,24057.6756524086,0.9749748,1.83785949496154,668.980856166,9,"Summer",2.4439307994627,0.219799296418036,0.00111384270918049,9.27515911201738,0.834178057510861,0.00422723440274201
155,2019,2019,3.1921566779854,22.3450967458978,3.51261285714286,24.58829,700.83736,1.676975,0.552336851190476,0.156654504544644,11.2279036809524,13.6595808928571,20659.0639543683,NA,1.83785949496154,668.980856166,9,"Summer",2.76421689003345,0.272036206756309,0.00146910762609592,8.82381340492032,0.86838219405097,0.00468962171932139
156,2019,2019,3.55564885088065,24.8895419561645,0.590134285714286,4.13094,704.9683,1.57978035714286,0.78161863095238,0.11437735456004,11.3306083193452,12.2804903075397,23352.1287332397,NA,1.83785949496154,668.980856166,9,"Summer",2.52310040295988,0.249768010696168,0.00132105097910385,8.97125904844078,0.888087340218576,0.00469719339580536
157,2019,2020,2.89724150629602,20.2806905440721,2.01993142857143,14.13952,704.9683,1.46026607142857,0.725020848214285,0.0921609075868246,12.6789827083333,12.5513293501984,22755.0461204579,NA,1.7215829351817,637.065230470855,9,"Summer",2.63257569574686,0.278904508330563,0.00152199141720521,7.62720757418393,0.808053717828392,0.00440957670615322
158,2019,2020,2.96876610254376,20.7813627178063,0.162928571428571,1.1405,15.28002,1.3431,0.732800223214286,0.141152988863982,8.71863437500001,9.27348245932541,23171.5417592819,1.62025285,1.7215829351817,637.065230470855,10,"Fall",2.44047313030659,0.287672908411638,0.0017171345758423,7.24519390342306,0.854033579112647,0.00509777092226648
159,2019,2020,2.63798321563581,18.4658825094507,0.0387285714285714,0.2711,15.55112,1.13056785714286,0.89917494047619,0.0985143711315299,9.79060830357144,7.41741647519841,21480.2935722913,1.401732,1.7215829351817,637.065230470855,10,"Fall",2.89727857681229,0.34681748212304,0.00235999941049653,7.64297225665204,0.914898696729652,0.00622563883380024
160,2019,2020,1.55294229891569,10.8705960924098,0,0,15.55112,0.982142857142857,0.562551220238095,0.0856086750244366,3.45197357142857,4.7638416862996,20274.9748329934,3.332218,1.7215829351817,637.065230470855,10,"Fall",3.10918627895224,0.43425029579634,0.00353995053422478,4.82838688779321,0.674365652658787,0.00549733892066685
161,2019,2020,0.861281913355894,6.02897339349126,0.413454285714286,2.89418,18.4453,0.924675,0.587747342261905,0.084222141368174,2.21353407738095,2.69415668830555,19065.6408689656,0.6845291,1.7215829351817,637.065230470855,10,"Fall",3.17313566442192,0.517448532498993,0.00504497058097938,2.73296435639113,0.445669062133932,0.00434514191481012
162,2019,2020,1.42941652433405,10.0059156703383,0,0,18.4453,0.90675,0.661597288690476,0.0860951578238637,6.53005755952381,2.63139280857242,15930.697273882,1.503818,1.7215829351817,637.065230470855,11,"Fall",3.24657223738495,0.540475877895084,0.00612088537840777,4.64070400356222,0.772565150867185,0.00874929470345074
163,2019,2020,1.23043862670313,8.61307038692188,1.77248285714286,12.40738,30.85268,0.883275,0.749285863095238,0.0832564062770346,6.32030848214286,2.67532134787698,16223.5843963019,NA,1.7215829351817,637.065230470855,11,"Fall",3.2625849706905,0.563473262672272,0.00759473815578603,4.01441057083867,0.6933192675064,0.00934485918657519
164,2019,2020,0.999387722829806,6.99571405980864,3.83368714285714,26.83581,57.68849,0.786714285714286,0.46733867172619,0.11565439220517,4.55077273809524,3.02611894077381,10973.6283633057,NA,1.7215829351817,637.065230470855,11,"Fall",3.14294952575153,0.618319038937277,0.0105919156298918,3.14102516950984,0.617940456305839,0.010585430441763
165,2019,2020,0.274047164407286,1.918330150851,3.73521285714286,26.14649,83.83498,0.628717857142857,0.201219306845238,0.192681298770665,-2.62664136904762,1.35324830625,9946.81739239243,NA,1.7215829351817,637.065230470855,11,"Fall",2.88161628853254,0.761074254096915,0.0151820150461809,0.789698772782191,0.20857024123865,0.00416058817339462
166,2019,2020,0.092869166640877,0.650084166486139,4.44906571428571,31.14346,114.97844,0.685864285714286,0.224727877976191,0.203473522267638,0.0839315178571434,1.38414336607143,10963.8859061227,1.4838133,1.7215829351817,637.065230470855,11,"Fall",2.74483671593255,0.835917795651086,0.0182021159247089,0.254910698373938,0.0776309890623952,0.00169041533702836
167,2019,2020,0.258670822598717,1.81069575819102,5.90309428571429,41.32166,156.3001,0.670891071428571,0.27962355952381,0.207468930220914,0.344129404761904,1.44276039285714,12028.2110298629,NA,1.7215829351817,637.065230470855,12,"Winter",2.61004414727425,0.883077640353934,0.0215104306811604,0.675142266594398,0.228426419648886,0.0055641207987484
168,2019,2020,0.0146581996916571,0.1026073978416,0.645082857142857,4.51558,160.81568,0.6876,0.247245288690476,0.202392210744773,-3.68668145833333,1.3379563375,11516.01450844,NA,1.7215829351817,637.065230470855,12,"Winter",2.52566463174407,0.930754044401657,0.0238595183539237,0.0370216965262602,0.013643178646657,0.000349737584578572
169,2019,2020,0.126744208406519,0.887209458845634,2.67854857142857,18.74984,179.56552,0.6364375,0.411564223214286,0.193381301877768,0.530167936011904,1.16797920744048,9624.23361424857,NA,1.7215829351817,637.065230470855,12,"Winter",2.45144662923936,0.937519493012394,0.0241913769461733,0.310706662473773,0.118825166007537,0.00306611692130641
170,2019,2020,0,0,0.455988571428571,3.19192,182.75744,0.6449125,0.158027124157802,0.187861932951703,-6.84150513984929,1.26770113549688,12083.3556715136,NA,1.7215829351817,637.065230470855,12,"Winter",2.36960855435145,0.958628343471976,0.0255316756838408,0,0,0
171,2020,2020,0.0967635655927457,0.67734495914922,0.256064285714286,1.79245,184.54989,0.736714285714286,0.356174125892857,0.183958479006374,-1.24936928571429,1.17930073373016,13027.6379022243,0.8099199,1.7215829351817,637.065230470855,1,"Winter",2.29864212014124,0.939755244816319,0.0245537852765527,0.222424807566535,0.0909340682729107,0.00237591181215789
172,2020,2020,0.06886419337854,0.48204935364978,3.35159142857143,23.46114,208.01103,0.7539875,0.297376783630952,0.179193717188063,-2.14594902083333,0.927594129960317,12332.5795947143,NA,1.7215829351817,637.065230470855,1,"Winter",2.23552543649282,0.915868938034735,0.0234448841336089,0.153947655961287,0.0630705756582221,0.00161451303471428
173,2020,2020,0.133166294234563,0.93216405964194,1.31755571428571,9.22289,217.23392,0.6921,0.254822863392857,0.174779591218688,-0.466595535714287,1.04566173888889,13715.4578357503,NA,1.7215829351817,637.065230470855,1,"Winter",2.17436790963457,0.88167471977124,0.0219571456788281,0.289552516828588,0.117409355152233,0.00292395172201802
174,2020,2020,0.0622539546624,0.4357776826368,0.0923071428571429,0.64615,217.88007,0.64435,0.281038722916667,0.177541934210176,-1.48853211309524,1.06257369503968,15236.0702721657,NA,1.7215829351817,637.065230470855,1,"Winter",2.14244620968758,0.83430708839045,0.0193746482045456,0.133375749204521,0.051938915655178,0.00120614847092574
175,2020,2020,0.201655848908803,1.41159094236162,0.258311428571429,1.80818,219.68825,0.649691071428571,0.364668301785714,0.189174089014784,-1.82701113095239,1.00865511706349,16896.5637382429,NA,1.7215829351817,637.065230470855,2,"Winter",2.09770337398595,0.78100038168232,0.0178389194686614,0.423014154639997,0.157493294966247,0.0035973224490687
176,2020,2020,0.136171566887734,0.95320096821414,1.75030571428571,12.25214,231.94039,0.605651785714286,0.256002542261905,0.199406488907666,-1.70630976190476,0.985530880555556,16475.1025704871,0.882435,1.7215829351817,637.065230470855,2,"Winter",2.02006626587542,0.770375818503733,0.0160704891165712,0.275075588641311,0.104903282298074,0.00218834368365579
177,2020,2020,0.168405780069311,1.17884046048518,0.0651157142857143,0.45581,232.3962,0.639510714285714,0.324960330059524,0.218583178370883,1.23959833333333,0.977646289980159,19439.6064150681,0.8089882,1.7215829351817,637.065230470855,2,"Winter",1.95170892325027,0.755045710596108,0.01447436747672,0.328679063688197,0.127154061880925,0.00243756714592691
178,2020,2020,0.0745935861577629,0.52215510310434,1.52766857142857,10.69368,243.08988,0.628075,0.271407226785714,0.248381952972227,-1.97520233035714,0.936952807440476,18591.1943975986,NA,1.7215829351817,637.065230470855,2,"Winter",1.94640041234609,0.69889601181526,0.0118102368142124,0.145188986855844,0.0521331598726584,0.000880967917344529
179,2020,2020,0.347457604539214,2.4322032317745,0.0885542857142857,0.61988,243.70976,0.535751785714286,0.495406910416667,0.267669159284919,2.73666136904762,0.914573802876984,22970.3259605586,NA,1.7215829351817,637.065230470855,2,"Winter",1.93731121911344,0.611370790969525,0.00896329977827758,0.673133515440101,0.212425430515516,0.00311436666972721
180,2020,2020,0.798225293011035,5.58757705107724,3.02311285714286,21.16179,264.87155,0.5392625,0.242309458928571,0.317363271750686,3.58064022916667,0.793219435515873,15971.6541066414,0.9278371,1.7215829351817,637.065230470855,3,"Winter",1.99381242069416,0.505760231862389,0.00632141242276843,1.59151150371763,0.403710609271684,0.00504591128340791
181,2020,2020,0.815034278001137,5.70523994600796,2.41579714285714,16.91058,281.78213,0.66735,0.332782271726191,0.322886223676599,2.30611839285714,0.83975107093254,18721.3624531571,NA,1.7215829351817,637.065230470855,3,"Winter",2.22945098917966,0.442700395854827,0.00425370087529969,1.81707897730497,0.360815997506357,0.00346691202173269
182,2020,2020,1.14633976167969,8.02437833175781,0.355391428571429,2.48774,284.26987,0.8075125,0.397345539285714,0.321946919346071,2.99554205357143,1.23440115922619,19946.8742730057,NA,1.7215829351817,637.065230470855,3,"Winter",2.37154953890162,0.399606928571413,0.0031515047949356,2.71860153323605,0.458085311264105,0.00361269525555886
183,2020,2020,1.54549465585334,10.8184625909734,0.753717142857143,5.27602,289.54589,0.890064285714286,0.500652029761905,0.315378201193215,3.23953193452381,2.97226804017857,26558.2826403,NA,1.7215829351817,637.065230470855,3,"Winter",2.46258038403521,0.352148449025996,0.00227939786405204,3.80590482313568,0.544243546036718,0.00352279721745595
184,2020,2020,2.67627504753198,18.7339253327239,0.119184285714286,0.83429,290.38018,0.9620625,0.740168477976191,0.286486389526339,7.42626988095238,6.04534654007937,29620.1816905843,0.9591227,1.7215829351817,637.065230470855,4,"Spring",2.41922484429496,0.289654620371362,0.00172061038506527,6.47451108515604,0.775195432902223,0.00460482664007458
185,2020,2020,1.47902615436592,10.3531830805615,0.936804285714286,6.55763,296.93781,1.012075,0.44757634077381,0.270800346297297,1.84550255059524,4.91611212698413,26994.0766293414,2.3321269,1.7215829351817,637.065230470855,4,"Spring",2.39662909495198,0.323900958795434,0.00182193767131515,3.54467711374831,0.479057989482646,0.00269469346749966
186,2020,2020,3.05753615230333,21.4027530661233,0.0859614285714286,0.60173,297.53954,1.04786964285714,0.613594338095238,0.254526777933539,6.56072357142857,6.73275929761905,27259.2486227244,NA,1.7215829351817,637.065230470855,4,"Spring",2.36241188771644,0.243049706226677,0.00127906676436971,7.22315975332417,0.743133263594768,0.00391079287327003
187,2020,2020,3.8328581139552,26.8300067976864,0.0398728571428571,0.27911,297.81865,1.14380357142857,1.2388892889881,0.219245510983973,13.7887027678571,10.3739933025794,33173.94424213,0.6593465,1.7215829351817,637.065230470855,4,"Spring",2.10282351009976,0.179599264814152,0.000898843821782922,8.05982415290161,0.688378499403312,0.00344514083549917
188,2020,2020,3.72086743876766,26.0460720713736,0,0,297.81865,1.2025625,1.22439704940476,0.171732100746032,13.1409538690476,12.1512098601191,36667.5866742763,1.1322273,1.7215829351817,637.065230470855,5,"Spring",2.19825152176878,0.190878048774625,0.000951216139258144,8.17940250957091,0.710231916461008,0.00353934915979591
189,2020,2020,3.80029998925466,26.6020999247826,0.233877142857143,1.63714,299.45579,1.3021,0.963462471428571,0.130073254876324,11.6007095833333,11.6321127222222,33148.4386832214,NA,1.7215829351817,637.065230470855,5,"Spring",2.29782724889792,0.200797622471077,0.000994651062137103,8.73243286929583,0.763091202519195,0.00377997242075177
190,2020,2020,3.828628437903,26.800399065321,0,0,299.45579,1.4119875,1.32625066875,0.0996273920072322,14.4847636815476,13.176647485119,35446.8786418086,0.7455346,1.7215829351817,637.065230470855,5,"Spring",2.35222445458941,0.204991457828431,0.00100380750217097,9.00579343917188,0.784836124969124,0.00384320594899216
191,2020,2020,3.9049950873008,27.3349656111056,1.75533142857143,12.28732,311.74311,1.53895892857143,1.04115525089286,0.0866640744718306,13.1553086011905,12.6158931428571,30732.7049057571,1.2903759,1.7215829351817,637.065230470855,5,"Spring",2.31630456999105,0.188283135560277,0.000917740237187908,9.04515796650743,0.735244719384473,0.00358377111763706
192,2020,2020,3.13215413393456,21.9250789375419,3.78600714285714,26.50205,338.24516,1.75747142857143,1.24143007410714,0.168619541830577,17.4156173214286,13.8734132271825,25665.1961258286,NA,1.7215829351817,637.065230470855,5,"Spring",1.6319329221814,0.141213578631739,0.000721541984866987,5.11146544851436,0.442302694079094,0.00225998071070848
193,2020,2020,3.32389656421964,23.2672759495375,1.87258142857143,13.10807,351.35323,1.76051071428571,1.18752331636905,0.172899802968651,12.9759500595238,14.0947485912698,38698.6390264357,0.821814766666667,1.7215829351817,637.065230470855,6,"Summer",1.83563075018894,0.154682016191246,0.000761436985559028,6.10144674372892,0.514147022164648,0.00253093778016941
194,2020,2020,3.50215174202117,24.5150621941482,1.39931714285714,9.79522,361.14845,1.7097875,1.27046497232143,0.127444929010311,16.6679248125,15.113953734127,31456.8794141057,0.86104175,1.7215829351817,637.065230470855,6,"Summer",1.78220120787984,0.142288648030091,0.000694393484688669,6.2415390648086,0.498316436568421,0.00243187135205057
195,2020,2020,3.11715909158181,21.8201136410727,0.0478357142857143,0.33485,361.4833,1.6083625,1.75231739136905,0.090138002992568,19.0573583928571,16.3043232242063,33580.5543129743,0.709734166666667,1.7215829351817,637.065230470855,6,"Summer",1.60609693239731,0.13345881942709,0.000644732121754071,5.00645965478394,0.416012372328928,0.00200973259496054
196,2020,2020,3.11775499105645,21.8242849373952,0,0,361.4833,1.5898,1.67150926190476,0.0760181954005254,18.2303305654762,16.4094051388889,32794.4690493643,0.7032611,1.7215829351817,637.065230470855,6,"Summer",1.90380868738726,0.165143695053552,0.000810775990449105,5.93560903711827,0.514877579494718,0.00252780089085143
197,2020,2020,2.47949955498608,17.3564968849025,2.05942,14.41594,375.89924,1.4685625,1.63668841815476,0.090932357822005,19.9889318154762,16.6867859583333,30486.74254581,0.49290925,1.7215829351817,637.065230470855,7,"Summer",1.25918371147855,0.10837674490683,0.000541099512743647,3.12214545225678,0.268720090767324,0.00134165600105106
198,2020,2020,2.29882032691061,16.0917422883743,0,0,375.89924,1.26470535714286,1.94535079494048,0.0729746755281713,21.8418418482143,19.0199777579365,28407.22467764,NA,1.7215829351817,637.065230470855,7,"Summer",1.63083577719866,0.168124216888619,0.000819074588078727,3.74899843447734,0.386487367229487,0.00188290531233131
199,2020,2020,2.85341096390178,19.9738767473125,4.19617285714286,29.37321,405.27245,1.42662857142857,1.00601437857143,0.123657659680834,17.6232466369048,16.4109189087301,23793.3198337043,NA,1.7215829351817,637.065230470855,7,"Summer",1.71456707213979,0.156546081389474,0.000787819044852894,4.89236448198867,0.446690304992586,0.00224797150015387
200,2020,2020,2.83357095346311,19.8349966742418,1.59919,11.19433,416.46678,1.64635,1.01913817767857,0.122800924124694,17.7568048125,17.2271719642857,25897.8681393829,NA,1.7215829351817,637.065230470855,7,"Summer",1.56556369641064,0.134051753599494,0.000659086046862297,4.43613581594555,0.379845155260319,0.00186756707822183
201,2020,2020,2.40006235160926,16.8004364612648,1.80446285714286,12.63124,429.09802,1.55606428571429,1.40870715119048,0.0872193377461055,19.0976726785714,17.1345506051587,25835.0018093971,NA,1.7215829351817,637.065230470855,7,"Summer",1.27045270699041,0.110130263348202,0.000532443816144867,3.04916571154776,0.264319498834834,0.00127789835747646
202,2020,2020,1.72010769111039,12.0407538377727,0.03546,0.24822,429.34624,0.570291071428571,1.9961276172619,0.0744272001826071,21.2845002678572,17.3717190972222,27670.1650523271,NA,1.7215829351817,637.065230470855,8,"Summer",1.27183532791791,0.144303920593624,0.000723835785272197,2.18769372937749,0.248218283670476,0.00124507550134763
203,2020,2020,1.92338572395644,13.4637000676951,3.08046857142857,21.56328,450.90952,1.0888125,1.72051115565476,0.0941127318004722,20.7820577380952,16.4255366369048,22562.0405603786,0.90736875,1.7215829351817,637.065230470855,8,"Summer",1.29730152548922,0.139061422120616,0.000701254748792042,2.49521123379288,0.267468754059874,0.00134878337268327
204,2020,2020,1.93651797067606,13.5556257947324,0.361387142857143,2.52971,453.43923,0.906,1.60601077380952,0.0768576062683785,20.2772421339286,16.5931630059524,19929.0065791943,NA,1.7215829351817,637.065230470855,8,"Summer",1.40014072731828,0.158490054413808,0.000817292309953791,2.7113976799273,0.306918838545766,0.00158270124552087
205,2020,2020,1.99196674860708,13.9437672402496,0.860971428571429,6.0268,459.46603,0.153525,1.41333252797619,0.0703145649924284,18.2041623125,16.0436841865079,25027.8974685429,1.971579,1.7215829351817,637.065230470855,8,"Summer",1.48197753342557,0.1694528082124,0.000883678136811824,2.95204996876646,0.337544359417193,0.00176025746500021
206,2020,2020,0.871264020246197,6.09884814172338,3.53489,24.74423,484.21026,0.145601785714286,1.25577010208333,0.094624245294135,14.595948297619,13.9152208938492,17654.7684732514,0.2453338,1.7215829351817,637.065230470855,9,"Summer",1.67898730314924,0.339685634059541,0.00183708967815685,1.46284122768412,0.295955871150594,0.00160059013854373
207,2020,2020,2.42166145639545,16.9516301947682,0.524211428571429,3.66948,487.87974,0.356116071428571,1.00990765654762,0.173518898329282,12.887714672619,11.1138041359127,24100.5778392157,NA,1.7215829351817,637.065230470855,9,"Summer",2.35824343868874,0.268947796641058,0.00153538724092749,5.71086724027001,0.651300512908134,0.00371818810199547
208,2020,2020,2.43911252167955,17.0737876517569,0.411997142857143,2.88398,490.76372,1.17843571428571,1.13089003392857,0.0989261106365966,14.4615313095238,12.6085712013889,21466.9687746057,NA,1.7215829351817,637.065230470855,9,"Summer",2.29005529256234,0.284940242505098,0.00173950277565486,5.58570253942734,0.695001313424594,0.00424284300159611
209,2020,2020,1.64203848155661,9.85223088933966,0.082815,0.49689,491.26061,1.19873125,1.25545492673611,0.0765160087016476,13.3755329513889,12.4861488333333,26546.73852913,1.3901216,1.7215829351817,637.065230470855,9,"Summer",2.21160215561998,0.4046677595868,0.00229260652379973,3.63153584542156,0.664480033486824,0.00376454813514689
